date,actionable,topic,level,villageId
2014-07-27 14:01:21,0,Health,Private,NA
2014-07-27 19:31:24,0,Health,District,17
2014-07-30 18:55:03,0,Community Development,District,17
2014-08-07 18:27:43,0,Governance,District,85
2014-08-11 09:21:20,0,Health,District,NA
2014-08-11 13:29:30,1,Health,Village,NA
2014-08-11 14:13:35,0,Water,District,NA
2014-08-11 15:23:43,0,Infrastructure,Village,NA
2014-08-11 15:26:14,1,Infrastructure,Village,NA
2014-08-11 15:27:08,1,Health,Village,NA
2014-08-11 15:28:50,1,Health,Village,NA
2014-08-11 15:37:58,0,Agriculture,District,NA
2014-08-11 15:38:12,1,Health,Village,NA
2014-08-11 15:38:17,1,Infrastructure,Village,NA
2014-08-11 15:38:47,1,Infrastructure,Village,NA
2014-08-11 15:39:53,0,Education,Village,NA
2014-08-12 04:17:36,0,Health,District,NA
2014-08-12 09:42:44,1,Infrastructure,District,NA
2014-08-12 16:58:12,1,Education,Village,55
2014-08-12 20:54:37,1,Agriculture,District,NA
2014-08-13 14:15:13,1,Education,Village,55
2014-08-13 16:40:57,1,Economy,Village,55
2014-08-13 17:25:41,0,Community Development,District,55
2014-08-15 14:06:56,1,Health,Village,54
2014-08-15 14:18:22,1,Health,Village,81
2014-08-15 14:29:45,1,Health,Village,81
2014-08-15 14:40:58,1,Health,Village,NA
2014-08-15 15:41:31,1,Water,Village,55
2014-08-15 18:44:22,1,Health,Village,53
2014-08-15 19:14:12,1,Water,Village,NA
2014-08-15 19:47:45,1,Infrastructure,Village,53
2014-08-15 20:02:09,1,Infrastructure,Village,53
2014-08-15 20:04:13,1,Infrastructure,Village,53
2014-08-15 20:04:55,1,Infrastructure,Village,53
2014-08-15 20:05:52,1,Infrastructure,Village,53
2014-08-15 20:31:03,1,Health,Village,53
2014-08-15 20:31:36,1,Health,Village,53
2014-08-15 20:33:15,1,Health,Village,53
2014-08-16 07:37:37,1,Education,Village,53
2014-08-16 12:38:20,1,Education,Village,53
2014-08-16 14:13:16,1,Health,Village,53
2014-08-17 08:17:50,1,Education,Village,53
2014-08-17 16:53:40,1,Education,Village,53
2014-08-17 17:37:38,0,Health,Village,53
2014-08-17 17:38:13,0,Health,Village,53
2014-08-17 17:38:49,0,Health,Village,53
2014-08-17 17:39:24,0,Health,Village,53
2014-08-17 19:58:55,1,Infrastructure,Village,53
2014-08-18 10:29:07,1,Governance,District,81
2014-08-18 14:15:17,1,Health,Village,NA
2014-08-18 14:52:45,0,Health,District,17
2014-08-18 15:44:14,1,Health,Village,NA
2014-08-18 16:08:43,1,Water,Village,75
2014-08-18 16:11:38,1,Water,Village,NA
2014-08-18 16:22:04,1,Water,Village,NA
2014-08-18 16:22:37,1,Water,Village,NA
2014-08-18 16:23:12,1,Water,Village,NA
2014-08-18 17:05:31,0,Health,District,NA
2014-08-18 17:08:19,1,Health,Village,54
2014-08-18 17:08:30,1,Health,Village,54
2014-08-18 17:32:59,1,Health,Village,NA
2014-08-18 18:44:31,1,Education,Village,NA
2014-08-18 20:55:29,1,Education,Village,NA
2014-08-18 23:06:35,0,Infrastructure,Village,NA
2014-08-19 10:44:43,1,Agriculture,Village,39
2014-08-19 14:30:17,1,Education,Private,NA
2014-08-19 18:59:00,0,Water,Village,NA
2014-08-19 21:18:05,0,Governance,District,60
2014-08-19 22:18:19,1,Education,Village,NA
2014-08-20 15:42:46,0,Water,District,60
2014-08-20 17:47:32,1,Education,Village,55
2014-08-20 17:48:00,1,Education,Village,55
2014-08-20 17:57:22,0,Community Development,Village,NA
2014-08-20 18:14:16,1,Water,District,NA
2014-08-20 18:29:08,1,Infrastructure,Village,NA
2014-08-20 20:29:35,1,Health,Village,61
2014-08-20 21:23:37,0,Education,Village,55
2014-08-20 21:29:57,0,Health,Village,NA
2014-08-20 21:33:19,0,Health,Village,53
2014-08-20 22:09:26,1,Education,Village,4
2014-08-21 01:09:01,1,Water,Village,NA
2014-08-21 01:23:12,1,Water,Village,NA
2014-08-21 07:25:40,0,Water,Village,57
2014-08-21 07:26:23,0,Water,Village,57
2014-08-21 07:27:40,0,Water,Village,57
2014-08-21 07:28:51,0,Water,Village,57
2014-08-21 12:41:47,1,Health,Village,77
2014-08-21 13:20:49,1,Health,Village,62
2014-08-21 13:46:25,1,Health,Village,62
2014-08-21 16:14:06,1,Water,Village,NA
2014-08-21 16:14:17,1,Water,Village,NA
2014-08-21 16:14:17,1,Water,Village,NA
2014-08-21 16:22:50,0,Water,District,NA
2014-08-21 16:55:06,0,Community Development,District,18
2014-08-21 17:04:13,0,Education,Village,NA
2014-08-21 19:00:22,1,Health,Village,78
2014-08-21 20:07:09,1,Infrastructure,Village,NA
2014-08-22 00:47:41,0,Infrastructure,District,NA
2014-08-22 08:21:17,0,Water,Village,NA
2014-08-22 09:07:19,0,Community Development,District,17
2014-08-22 10:06:34,1,Community Development,Village,77
2014-08-22 11:26:47,0,Governance,National,NA
2014-08-22 13:11:14,1,Education,Village,68
2014-08-22 16:19:15,1,Education,Village,68
2014-08-22 17:51:03,1,Governance,Village,14
2014-08-22 18:11:56,1,Health,Village,85
2014-08-22 18:24:23,1,Water,Village,NA
2014-08-22 19:14:27,0,Water,Village,NA
2014-08-22 19:37:43,1,Health,Village,80
2014-08-22 21:26:43,1,Education,Village,NA
2014-08-22 21:30:30,1,Infrastructure,Village,NA
2014-08-22 21:33:59,1,Infrastructure,Village,NA
2014-08-23 08:55:10,1,Health,Village,85
2014-08-23 14:23:21,1,Education,Village,55
2014-08-23 20:26:28,1,Agriculture,Village,NA
2014-08-23 21:54:18,1,Governance,National,NA
2014-08-23 22:38:10,0,Infrastructure,Village,NA
2014-08-23 23:35:51,0,Governance,District,81
2014-08-24 05:34:31,1,Water,Village,NA
2014-08-24 06:11:08,1,Health,Village,77
2014-08-24 09:36:35,1,Water,Village,NA
2014-08-24 11:19:35,1,Governance,District,14
2014-08-24 13:06:26,1,Education,Village,NA
2014-08-24 17:15:46,0,Education,Private,NA
2014-08-24 17:18:44,0,Education,Private,NA
2014-08-24 17:42:13,0,Education,Private,NA
2014-08-24 17:50:44,0,Education,Private,NA
2014-08-24 23:50:28,1,Water,Village,NA
2014-08-25 00:45:46,0,Water,District,NA
2014-08-25 00:55:38,0,Water,Village,29
2014-08-25 00:56:29,0,Governance,District,77
2014-08-25 01:25:50,0,Education,Private,NA
2014-08-25 01:38:18,1,Agriculture,District,39
2014-08-25 01:46:12,0,Water,Village,60
2014-08-25 01:50:08,1,Water,Village,NA
2014-08-25 01:50:35,1,Water,Village,NA
2014-08-25 01:53:16,1,Water,Village,NA
2014-08-25 06:43:56,0,Governance,District,14
2014-08-25 08:16:59,0,NA,Private,NA
2014-08-25 11:27:28,0,Governance,District,65
2014-08-25 11:48:34,1,Education,Village,NA
2014-08-25 12:18:21,0,Governance,National,81
2014-08-25 17:00:11,0,Infrastructure,District,NA
2014-08-25 17:33:55,0,Health,Private,NA
2014-08-25 19:20:47,1,Infrastructure,Village,NA
2014-08-25 20:16:35,1,Infrastructure,Village,NA
2014-08-25 20:24:39,1,Infrastructure,Village,NA
2014-08-25 20:25:38,0,Health,Village,NA
2014-08-25 21:44:37,1,Governance,Private,60
2014-08-25 22:22:04,1,Water,Village,55
2014-08-26 11:48:11,1,Water,Village,55
2014-08-26 14:01:01,0,Water,Village,NA
2014-08-26 14:21:44,1,Health,Village,56
2014-08-26 18:40:37,1,Infrastructure,Village,NA
2014-08-26 19:29:02,1,Education,Village,NA
2014-08-26 19:29:49,0,Governance,District,61
2014-08-27 07:58:31,1,Infrastructure,Village,39
2014-08-27 15:15:49,1,Infrastructure,Village,NA
2014-08-27 17:25:22,0,Water,Village,29
2014-08-27 19:11:06,0,Education,Private,NA
2014-08-27 19:42:53,0,Water,District,NA
2014-08-28 08:58:54,1,Water,Village,55
2014-08-28 12:32:25,1,Health,Village,85
2014-08-28 13:11:32,0,Governance,National,NA
2014-08-28 13:29:02,1,Health,Village,NA
2014-08-28 17:21:01,1,Health,Village,85
2014-08-28 17:45:16,1,Health,Village,85
2014-08-28 18:08:40,1,Health,Village,85
2014-08-28 18:34:31,1,Health,Village,NA
2014-08-28 18:46:39,1,Health,Village,85
2014-08-28 20:54:06,1,Water,Village,NA
2014-08-29 07:38:13,1,Water,Village,NA
2014-08-29 08:02:47,1,Water,Village,NA
2014-08-29 11:25:24,1,Education,Village,77
2014-08-29 12:27:02,1,Health,Village,85
2014-08-29 12:28:23,1,Health,Village,85
2014-08-29 14:49:21,0,Agriculture,National,NA
2014-08-29 15:25:31,1,Health,Village,85
2014-08-29 21:11:10,0,Health,Village,85
2014-08-30 09:56:37,0,Governance,Village,85
2014-08-31 03:20:19,0,Community Development,Village,30
2014-08-31 03:54:27,0,Governance,District,30
2014-08-31 19:32:42,1,Education,Village,NA
2014-08-31 19:38:48,1,Education,Village,NA
2014-08-31 20:47:06,1,Governance,District,NA
2014-08-31 21:12:46,0,Governance,District,77
2014-09-01 08:50:59,1,Infrastructure,Village,39
2014-09-01 19:48:17,1,Education,Private,NA
2014-09-01 20:06:49,1,Infrastructure,Village,NA
2014-09-01 20:41:22,1,Health,Private,NA
2014-09-02 09:35:20,0,Governance,Private,NA
2014-09-02 09:53:31,0,Governance,Private,NA
2014-09-02 12:04:15,1,Governance,Private,60
2014-09-02 12:04:59,1,Governance,Private,60
2014-09-03 00:19:55,1,Infrastructure,Village,NA
2014-09-03 07:27:43,1,Education,Village,NA
2014-09-03 07:28:53,1,Education,Village,NA
2014-09-03 07:32:15,1,Education,Village,NA
2014-09-03 14:58:46,0,Water,Village,29
2014-09-03 21:13:44,0,Health,Village,68
2014-09-04 21:42:16,1,Education,Village,NA
2014-09-05 07:04:33,0,Water,District,38
2014-09-05 14:45:03,0,Infrastructure,Village,NA
2014-09-05 21:47:58,0,Water,District,38
2014-09-05 22:23:25,0,Water,District,NA
2014-09-05 22:28:32,0,Health,District,NA
2014-09-06 07:53:53,1,Water,Village,NA
2014-09-06 08:12:21,1,Infrastructure,Village,4
2014-09-06 13:38:56,0,Water,Village,29
2014-09-06 18:02:48,0,Agriculture,District,55
2014-09-07 14:43:26,0,Governance,Village,65
2014-09-07 23:22:06,1,Education,Village,85
2014-09-08 14:51:13,1,Education,Village,55
2014-09-08 21:05:45,1,Education,Village,NA
2014-09-08 22:42:39,1,Education,Village,NA
2014-09-09 00:56:00,1,Water,Village,38
2014-09-09 01:11:52,1,Water,Village,38
2014-09-09 09:13:27,1,Health,District,34
2014-09-09 09:18:15,1,Water,Village,NA
2014-09-09 13:19:29,1,Health,Village,77
2014-09-11 18:22:28,0,Water,Village,NA
2014-09-11 21:45:09,0,Health,District,NA
2014-09-12 09:18:53,1,Water,Village,NA
2014-09-12 10:29:15,1,Health,Village,39
2014-09-12 14:35:57,1,Health,Village,NA
2014-09-12 16:10:07,0,Community Development,District,NA
2014-09-13 06:51:33,1,Education,Village,77
2014-09-13 15:52:35,0,Governance,National,14
2014-09-15 12:54:55,1,Education,Village,75
2014-09-17 21:54:36,0,Education,Village,14
2014-09-18 11:02:47,1,Health,District,NA
2014-09-18 16:38:05,0,Water,Village,NA
2014-09-18 20:07:52,0,Water,Village,29
2014-09-18 21:18:26,0,Infrastructure,Village,NA
2014-09-19 12:42:32,1,Health,Village,NA
2014-09-19 14:00:16,0,Governance,District,NA
2014-09-19 15:47:23,1,Education,Village,NA
2014-09-19 16:02:42,1,Education,Village,65
2014-09-19 16:56:45,1,Education,Village,NA
2014-09-19 17:01:23,0,Governance,District,NA
2014-09-19 18:29:51,0,Water,Village,29
2014-09-19 19:15:21,1,Infrastructure,Village,28
2014-09-19 19:57:45,1,Education,Village,65
2014-09-19 22:42:31,0,Community Development,Village,14
2014-09-19 23:33:47,1,Governance,Private,14
2014-09-20 07:01:20,0,Governance,District,NA
2014-09-20 10:34:46,1,Water,Village,NA
2014-09-20 12:11:39,1,Health,Village,85
2014-09-20 14:41:11,0,Water,District,NA
2014-09-20 14:57:14,0,Water,Village,62
2014-09-20 15:04:24,0,Education,District,NA
2014-09-20 15:47:40,1,Health,District,NA
2014-09-20 17:03:40,1,Water,Village,80
2014-09-20 17:26:16,1,Agriculture,Village,80
2014-09-20 20:25:22,1,Water,Village,NA
2014-09-20 22:20:39,1,Education,Village,85
2014-09-21 11:56:28,0,Health,Village,5
2014-09-21 15:28:12,1,Education,Village,85
2014-09-21 21:46:46,0,Community Development,Village,80
2014-09-22 09:38:39,1,Health,Village,NA
2014-09-22 09:40:32,1,Health,Village,NA
2014-09-22 19:46:57,0,Health,Village,24
2014-09-22 20:14:39,0,Community Development,Private,NA
2014-09-22 20:48:51,0,Health,Village,NA
2014-09-22 23:00:24,0,Governance,District,NA
2014-09-23 02:00:08,0,Economy,Private,38
2014-09-23 05:11:20,1,Infrastructure,Village,24
2014-09-23 05:50:31,0,Economy,Private,28
2014-09-23 06:20:13,1,Education,Village,NA
2014-09-23 06:56:29,1,Education,Village,30
2014-09-23 06:58:24,1,Education,Village,30
2014-09-23 07:08:06,1,Education,Village,30
2014-09-23 08:36:07,1,Infrastructure,Village,28
2014-09-23 19:54:47,0,Health,District,NA
2014-09-23 22:59:20,0,Health,Private,38
2014-09-23 23:17:26,0,Health,Village,14
2014-09-23 23:21:39,0,Infrastructure,District,NA
2014-09-24 00:10:06,0,Governance,National,NA
2014-09-24 00:34:52,0,Water,Village,NA
2014-09-24 01:15:32,1,Education,Village,65
2014-09-24 01:22:45,0,Agriculture,Private,NA
2014-09-24 01:56:36,1,Education,Village,28
2014-09-24 09:31:34,0,Water,Village,NA
2014-09-24 16:45:41,0,Health,Village,85
2014-09-24 19:00:45,1,Health,Village,77
2014-09-24 20:38:05,0,Education,Village,65
2014-09-25 06:33:27,1,Education,Village,70
2014-09-25 06:34:41,1,Education,Village,70
2014-09-25 06:36:37,1,Education,Village,70
2014-09-25 06:38:26,1,Education,Village,70
2014-09-25 06:51:11,1,Education,Village,70
2014-09-25 06:53:37,1,Education,Village,70
2014-09-25 07:48:34,1,Education,Village,NA
2014-09-25 10:10:55,0,Water,Village,NA
2014-09-26 11:33:42,1,Water,Village,55
2014-09-26 15:32:24,1,Education,Village,64
2014-09-28 06:58:05,1,Water,Village,NA
2014-09-28 14:18:41,0,Water,Village,NA
2014-09-29 08:17:01,1,Education,Village,85
2014-09-29 10:44:58,1,Education,Village,85
2014-09-29 14:20:07,1,Education,Village,NA
2014-09-29 16:25:29,1,Health,Village,85
2014-09-30 14:57:09,1,Education,Village,64
2014-09-30 22:08:41,0,Governance,District,NA
2014-09-30 22:15:26,1,Governance,Village,71
2014-09-30 22:17:33,0,Governance,District,NA
2014-09-30 22:23:33,0,Governance,District,NA
2014-09-30 22:29:39,0,Community Development,District,NA
2014-10-01 12:26:32,0,Education,District,62
2014-10-01 14:22:53,0,Education,National,18
2014-10-01 18:17:11,1,Water,Village,NA
2014-10-01 18:25:30,0,Economy,National,17
2014-10-01 20:08:25,1,Infrastructure,Village,4
2014-10-01 20:09:22,1,Infrastructure,Village,4
2014-10-01 20:12:29,1,Infrastructure,Village,4
2014-10-01 22:03:29,0,Water,Village,29
2014-10-01 22:05:16,0,Water,Village,29
2014-10-02 14:48:13,1,Health,Village,NA
2014-10-02 22:03:34,1,Governance,Private,60
2014-10-03 13:11:46,0,Governance,Constituent Service,21
2014-10-03 14:46:37,0,Water,Village,29
2014-10-03 16:37:38,0,Economy,Constituent Service,21
2014-10-04 17:42:47,0,Water,Village,NA
2014-10-04 20:36:42,1,Education,Village,NA
2014-10-05 15:32:28,0,Education,District,NA
2014-10-05 17:34:36,1,Health,Village,14
2014-10-06 02:12:03,1,Education,Village,NA
2014-10-06 02:17:05,1,Education,Village,NA
2014-10-06 17:38:46,1,Infrastructure,Village,NA
2014-10-08 07:43:22,0,Governance,District,NA
2014-10-08 14:47:06,0,Governance,District,NA
2014-10-08 17:29:39,1,Education,Village,NA
2014-10-10 16:35:42,0,Health,Constituent Service,NA
2014-10-11 09:17:54,0,Health,Private,27
2014-10-11 13:28:32,0,Health,Constituent Service,84
2014-10-12 00:55:16,1,Health,Village,59
2014-10-12 08:34:09,0,Health,Constituent Service,64
2014-10-12 09:02:10,0,Health,Private,NA
2014-10-12 10:35:28,1,Health,Village,NA
2014-10-12 12:16:01,0,Health,District,29
2014-10-12 12:17:07,0,Health,District,29
2014-10-12 12:31:15,0,Health,District,NA
2014-10-12 12:34:02,0,Health,Constituent Service,NA
2014-10-12 17:13:00,0,Education,Village,68
2014-10-12 17:14:09,0,Education,Village,68
2014-10-12 17:14:49,0,Education,Village,68
2014-10-12 20:21:43,0,Infrastructure,Village,NA
2014-10-12 21:23:17,0,Health,District,17
2014-10-13 08:05:41,0,Health,Private,71
2014-10-13 11:10:21,0,Health,Constituent Service,64
2014-10-13 11:14:42,0,Health,Constituent Service,64
2014-10-14 06:46:29,0,Health,Constituent Service,NA
2014-10-14 15:16:17,0,Health,Constituent Service,3
2014-10-14 16:23:23,0,Health,District,71
2014-10-14 20:30:45,0,Health,District,NA
2014-10-14 21:00:16,0,Health,Private,17
2014-10-14 21:01:32,0,Health,Private,17
2014-10-14 22:16:29,0,Health,Village,NA
2014-10-15 08:46:56,1,Infrastructure,Village,NA
2014-10-15 11:21:57,0,Health,Constituent Service,NA
2014-10-15 11:51:59,1,Water,Village,NA
2014-10-15 13:15:51,1,Health,Village,NA
2014-10-15 14:02:35,1,Health,Village,78
2014-10-15 14:35:33,0,Health,National,NA
2014-10-15 18:16:06,1,Health,Village,NA
2014-10-15 18:28:58,1,Health,Village,NA
2014-10-15 18:51:00,1,Community Development,Village,NA
2014-10-15 19:51:18,0,Health,Private,NA
2014-10-15 19:55:03,1,Health,Village,NA
2014-10-15 19:55:54,1,Health,Village,NA
2014-10-15 19:56:51,1,Health,Village,NA
2014-10-15 20:02:11,1,Health,Village,NA
2014-10-15 20:46:26,1,Health,Village,NA
2014-10-16 10:02:34,1,Health,Village,NA
2014-10-16 11:34:19,1,Health,District,84
2014-10-16 12:23:54,0,Health,Constituent Service,3
2014-10-16 13:54:51,0,Health,Private,NA
2014-10-16 22:10:52,0,Health,Private,59
2014-10-17 06:42:37,0,Infrastructure,Village,39
2014-10-17 08:41:17,0,Governance,District,NA
2014-10-17 09:58:17,0,Health,Village,NA
2014-10-17 13:22:04,0,Health,District,17
2014-10-17 19:03:47,0,Health,Private,17
2014-10-17 22:09:18,1,Water,Village,NA
2014-10-18 07:09:01,1,Governance,Village,85
2014-10-18 08:06:06,0,Health,Constituent Service,65
2014-10-18 14:31:33,1,Education,Village,62
2014-10-18 20:51:35,0,Health,District,NA
2014-10-18 22:08:08,1,Health,Village,NA
2014-10-19 06:52:57,0,Health,Constituent Service,NA
2014-10-19 10:00:15,0,Health,Village,NA
2014-10-19 10:02:21,0,Health,Village,85
2014-10-19 10:02:34,0,Health,Village,85
2014-10-19 10:06:52,0,Health,Village,NA
2014-10-19 10:08:00,0,Health,Village,NA
2014-10-19 10:09:18,0,Health,Village,NA
2014-10-19 10:09:37,0,Health,Village,85
2014-10-19 10:10:57,0,Health,Village,NA
2014-10-19 11:18:39,0,Health,Village,85
2014-10-19 11:19:18,0,Health,Village,85
2014-10-19 20:07:05,0,Infrastructure,Village,4
2014-10-20 15:10:43,1,Education,Village,75
2014-10-20 16:56:21,1,Governance,Village,85
2014-10-20 19:40:40,1,Governance,Village,NA
2014-10-21 09:49:16,1,Education,Village,62
2014-10-21 13:14:57,1,Water,Village,62
2014-10-21 18:26:05,1,Education,Village,62
2014-10-21 18:59:37,0,Education,District,76
2014-10-21 19:39:35,0,Health,District,17
2014-10-21 22:03:55,0,Health,Private,19
2014-10-21 22:06:01,1,Health,Village,85
2014-10-21 22:45:39,1,Health,Village,85
2014-10-21 22:45:57,1,Health,Village,85
2014-10-21 22:46:14,1,Health,Village,85
2014-10-21 22:54:48,1,Health,Village,17
2014-10-22 08:24:04,0,Health,District,20
2014-10-22 11:15:38,0,Health,Private,17
2014-10-22 11:15:49,0,Health,District,52
2014-10-22 12:31:04,0,Health,District,19
2014-10-22 13:46:59,0,Health,District,27
2014-10-24 10:09:55,0,Health,Village,NA
2014-10-24 11:42:07,1,Infrastructure,Village,39
2014-10-24 18:42:54,1,Infrastructure,Village,NA
2014-10-25 18:13:43,0,Governance,District,13
2014-10-26 10:30:57,0,Health,District,NA
2014-10-26 12:36:51,1,Water,Village,13
2014-10-26 20:47:59,1,Agriculture,Village,NA
2014-10-27 11:07:04,0,Education,District,76
2014-10-27 13:46:57,0,Health,District,27
2014-10-27 14:29:43,1,Water,Village,NA
2014-10-27 16:23:04,0,Water,Village,3
2014-10-27 20:15:09,0,Governance,District,3
2014-10-27 21:54:57,1,Health,Village,17
2014-10-28 10:44:58,0,Water,Village,3
2014-10-28 13:28:56,0,Water,Village,13
2014-10-29 09:56:32,1,Education,Village,NA
2014-10-29 10:01:52,1,Health,Village,NA
2014-10-29 10:58:15,0,Health,District,62
2014-10-29 16:17:52,1,Infrastructure,Village,28
2014-10-29 16:40:41,0,Community Development,Private,52
2014-10-29 18:03:33,1,Infrastructure,Village,NA
2014-10-29 18:17:45,0,Education,Village,37
2014-10-29 18:33:27,1,Education,Village,37
2014-10-30 15:27:51,1,Education,District,55
2014-10-30 18:19:11,0,Governance,Private,NA
2014-10-31 20:18:12,1,Infrastructure,Village,1
2014-11-01 06:07:21,0,Health,District,NA
2014-11-01 13:17:51,1,Water,Village,80
2014-11-01 14:25:11,0,Community Development,Village,11
2014-11-01 21:27:12,1,Infrastructure,Village,19
2014-11-02 07:56:32,0,Water,Village,18
2014-11-02 15:06:07,0,Health,Village,29
2014-11-02 22:59:35,1,Water,Village,29
2014-11-03 12:49:26,1,Infrastructure,Village,34
2014-11-03 18:48:08,0,Health,District,52
2014-11-03 18:58:29,0,Community Development,Village,NA
2014-11-03 21:34:39,0,Health,Constituent Service,3
2014-11-04 00:29:25,0,Water,Village,3
2014-11-04 02:09:11,0,Governance,Village,NA
2014-11-04 02:09:54,0,Economy,Private,NA
2014-11-04 07:02:16,1,Water,Village,49
2014-11-04 19:20:39,0,Health,District,68
2014-11-04 20:59:01,1,Education,Village,55
2014-11-04 22:27:25,0,Health,Village,68
2014-11-04 22:28:11,1,Agriculture,Village,80
2014-11-05 00:00:00,0,Community Development,District,20
2014-11-05 05:21:07,0,Water,Village,79
2014-11-05 08:47:52,1,Water,Village,76
2014-11-05 09:33:38,0,Water,Village,18
2014-11-05 20:38:56,0,Health,Village,38
2014-11-05 20:57:14,1,Water,Village,NA
2014-11-06 06:34:21,0,Water,Private,NA
2014-11-06 15:18:18,0,Water,Village,NA
2014-11-06 15:19:16,1,Water,Village,NA
2014-11-06 15:19:20,1,Water,Village,NA
2014-11-06 16:10:28,1,Water,Village,NA
2014-11-06 21:03:52,1,Health,Village,85
2014-11-06 21:10:22,1,Health,Village,85
2014-11-06 22:03:04,0,Education,Village,NA
2014-11-07 14:08:50,0,Education,Village,53
2014-11-08 07:45:41,1,Infrastructure,Village,39
2014-11-08 07:52:17,1,Infrastructure,Village,39
2014-11-08 09:10:54,0,Water,Private,NA
2014-11-08 09:47:05,1,Infrastructure,Village,39
2014-11-08 16:37:06,0,Infrastructure,Village,39
2014-11-09 21:56:29,0,Health,Village,78
2014-11-09 22:02:16,0,Health,Village,78
2014-11-09 22:12:08,0,Community Development,Village,78
2014-11-09 22:26:03,0,Community Development,District,57
2014-11-09 22:45:58,1,Water,Village,NA
2014-11-09 22:46:01,0,Water,District,NA
2014-11-10 12:00:38,1,Water,Village,NA
2014-11-10 12:02:48,0,Water,Village,80
2014-11-10 12:04:18,1,Water,Village,NA
2014-11-10 12:07:30,1,Water,Village,NA
2014-11-10 22:04:44,0,Health,District,19
2014-11-11 11:30:15,0,Water,District,NA
2014-11-11 14:29:48,1,Infrastructure,Village,17
2014-11-11 15:11:16,1,Infrastructure,Village,39
2014-11-11 20:13:56,0,Health,Private,61
2014-11-11 20:55:43,0,Education,Village,78
2014-11-11 21:38:58,0,Water,Village,3
2014-11-12 10:03:10,0,Health,Village,NA
2014-11-12 12:01:08,1,Infrastructure,Village,NA
2014-11-12 12:18:53,1,Infrastructure,Village,NA
2014-11-12 16:58:30,0,Health,District,19
2014-11-12 18:30:05,1,Infrastructure,Village,NA
2014-11-13 05:41:54,1,Health,Village,NA
2014-11-13 19:48:50,0,Education,Village,78
2014-11-14 10:30:36,1,Infrastructure,Village,26
2014-11-14 14:55:28,1,Infrastructure,Village,26
2014-11-14 20:47:44,0,Community Development,Constituent Service,NA
2014-11-14 20:53:12,0,Community Development,Constituent Service,NA
2014-11-15 13:52:31,1,Infrastructure,Village,19
2014-11-15 22:04:44,1,Infrastructure,Village,NA
2014-11-16 07:38:21,1,Education,Village,NA
2014-11-16 16:10:30,1,Water,Village,NA
2014-11-16 16:57:40,1,Education,Village,NA
2014-11-16 22:16:39,0,Governance,Village,3
2014-11-17 06:21:10,0,Community Development,Village,20
2014-11-17 07:10:14,1,Water,Village,NA
2014-11-17 13:54:35,1,Infrastructure,Village,14
2014-11-17 19:20:49,1,Infrastructure,Village,39
2014-11-19 11:42:31,0,Education,District,72
2014-11-19 12:13:36,0,Governance,District,72
2014-11-19 14:16:29,1,Agriculture,Village,28
2014-11-20 13:30:47,1,Infrastructure,Village,NA
2014-11-21 10:37:30,1,Health,Village,80
2014-11-21 15:08:10,0,Water,Village,NA
2014-11-22 17:24:42,0,Governance,Private,39
2014-11-22 17:25:30,1,Infrastructure,Village,39
2014-11-22 17:26:02,1,Infrastructure,Village,39
2014-11-22 17:45:51,1,Infrastructure,Village,39
2014-11-22 17:51:38,1,Infrastructure,Village,39
2014-11-22 17:54:06,0,Infrastructure,Village,39
2014-11-23 09:58:57,0,Governance,Village,18
2014-11-23 12:40:40,1,Education,District,NA
2014-11-23 16:57:53,0,Community Development,District,19
2014-11-23 20:50:35,0,Infrastructure,Village,39
2014-11-24 20:23:24,1,Education,Village,4
2014-11-25 19:40:21,0,Water,Village,3
2014-11-26 10:16:34,0,Agriculture,Village,28
2014-11-26 10:54:10,1,Water,Village,NA
2014-11-26 10:54:15,0,Water,Village,NA
2014-11-27 09:48:06,1,Water,Village,43
2014-11-27 12:35:27,1,Governance,District,NA
2014-11-28 10:36:54,0,Water,Village,NA
2014-11-28 14:27:47,0,Water,Village,NA
2014-11-28 14:32:08,1,Water,Village,NA
2014-11-28 14:33:37,1,Water,Village,NA
2014-11-28 14:33:42,0,Water,Village,NA
2014-11-28 14:45:43,1,Water,Village,NA
2014-11-29 20:40:50,0,Governance,District,55
2014-11-30 10:01:22,1,Water,Village,NA
2014-12-01 12:04:48,0,Health,Village,3
2014-12-01 14:07:59,0,Health,Village,19
2014-12-01 14:10:58,0,Health,District,70
2014-12-01 14:51:30,0,Water,Village,18
2014-12-04 15:18:33,1,Water,Village,84
2014-12-04 15:21:29,1,Infrastructure,Village,17
2014-12-04 15:32:20,1,Infrastructure,Private,31
2014-12-04 15:35:15,0,Community Development,Constituent Service,17
2014-12-04 15:35:58,0,Infrastructure,Village,4
2014-12-04 15:44:39,1,Health,Village,17
2014-12-04 15:46:27,1,Infrastructure,Village,31
2014-12-04 15:49:15,1,Health,Village,85
2014-12-04 15:56:13,1,Education,Village,17
2014-12-04 15:56:15,0,Water,Village,17
2014-12-04 16:31:00,0,Governance,District,40
2014-12-04 16:49:17,1,Water,Village,38
2014-12-04 16:50:59,0,Infrastructure,District,15
2014-12-04 17:08:50,1,Health,Village,38
2014-12-04 17:53:22,1,Health,Village,77
2014-12-04 18:20:56,1,Community Development,District,NA
2014-12-04 19:23:07,0,Health,Village,52
2014-12-04 19:27:29,0,Health,Village,52
2014-12-04 20:14:53,0,Health,Village,42
2014-12-04 20:30:26,1,Community Development,Village,NA
2014-12-04 20:30:28,1,Community Development,Village,NA
2014-12-04 20:30:45,0,Community Development,Village,NA
2014-12-04 20:30:50,1,Community Development,Village,NA
2014-12-04 20:31:20,1,Community Development,Village,NA
2014-12-04 20:31:27,0,Community Development,Village,NA
2014-12-04 21:41:26,0,Health,Constituent Service,NA
2014-12-04 21:47:10,0,Economy,District,NA
2014-12-04 21:47:29,0,Water,Village,24
2014-12-04 21:47:50,0,Community Development,Village,17
2014-12-04 21:48:01,0,Water,Village,NA
2014-12-04 21:51:03,0,Governance,District,33
2014-12-04 21:51:52,0,Community Development,Constituent Service,44
2014-12-04 21:52:41,0,Infrastructure,Village,18
2014-12-04 21:56:48,1,Water,Village,55
2014-12-04 21:57:10,0,Water,Village,45
2014-12-04 21:57:28,0,Governance,District,40
2014-12-04 21:57:31,0,Education,District,40
2014-12-04 21:58:17,0,Water,Village,NA
2014-12-04 21:59:39,0,Governance,Village,43
2014-12-04 22:00:45,0,Health,Private,NA
2014-12-04 22:01:33,0,Governance,Village,43
2014-12-04 22:25:42,1,Infrastructure,Village,NA
2014-12-05 13:58:53,0,Economy,Village,81
2014-12-05 15:34:15,1,Education,Village,NA
2014-12-05 15:45:01,1,Education,Village,NA
2014-12-05 15:51:11,0,Economy,District,81
2014-12-06 06:14:08,1,Infrastructure,Village,20
2014-12-06 15:14:21,0,Water,Village,29
2014-12-06 20:06:14,0,Education,Village,52
2014-12-06 22:45:47,1,Community Development,District,NA
2014-12-06 23:08:26,0,Agriculture,District,12
2014-12-07 11:28:35,1,Health,Village,55
2014-12-07 20:08:17,0,Infrastructure,Village,53
2014-12-07 22:26:58,0,Education,Village,53
2014-12-07 22:44:04,0,Education,Village,NA
2014-12-08 12:15:36,1,Water,Village,NA
2014-12-08 16:34:05,1,Infrastructure,Village,NA
2014-12-08 16:49:32,1,Water,Village,NA
2014-12-08 17:36:50,0,Education,Village,NA
2014-12-08 18:32:00,1,Infrastructure,Village,NA
2014-12-08 20:15:00,0,Governance,District,NA
2014-12-08 20:29:10,0,Infrastructure,Village,53
2014-12-09 05:49:10,1,Infrastructure,Village,NA
2014-12-09 10:44:13,1,Water,Village,NA
2014-12-09 10:46:41,1,Water,Village,NA
2014-12-09 10:55:23,0,Water,Village,NA
2014-12-09 13:55:53,1,Infrastructure,Village,80
2014-12-09 14:01:20,0,Water,Village,NA
2014-12-09 14:58:08,0,Health,Village,38
2014-12-09 15:03:25,0,Health,Village,38
2014-12-09 15:03:41,0,Health,Village,38
2014-12-09 15:46:11,0,Economy,Village,81
2014-12-09 16:13:22,0,Education,Village,81
2014-12-09 17:40:03,0,Community Development,District,NA
2014-12-09 20:18:27,0,Water,Village,53
2014-12-09 20:30:06,1,Health,Village,79
2014-12-09 20:30:45,1,Health,Village,79
2014-12-09 20:47:25,1,Governance,District,NA
2014-12-09 20:48:49,0,Community Development,District,NA
2014-12-09 20:49:21,1,Governance,District,NA
2014-12-10 09:48:14,0,Infrastructure,Village,37
2014-12-10 11:15:24,1,Infrastructure,Village,37
2014-12-10 15:29:03,1,Water,Village,NA
2014-12-11 07:22:04,1,Water,Village,NA
2014-12-11 11:21:52,0,Governance,Constituent Service,NA
2014-12-11 12:35:14,1,Water,Village,NA
2014-12-11 12:42:32,0,Water,Constituent Service,NA
2014-12-11 17:20:32,1,Infrastructure,Village,77
2014-12-11 17:26:58,1,Governance,District,NA
2014-12-11 20:03:32,1,Water,Village,74
2014-12-12 21:04:35,1,Infrastructure,Village,NA
2014-12-13 10:39:20,1,Water,Village,NA
2014-12-13 12:29:17,1,Water,Village,NA
2014-12-13 13:04:01,1,Health,Village,80
2014-12-13 13:55:25,1,Water,Village,80
2014-12-13 15:36:00,0,Water,Village,NA
2014-12-13 17:11:30,1,Water,Constituent Service,NA
2014-12-13 18:20:41,0,Infrastructure,Village,NA
2014-12-13 18:22:23,1,Water,Village,31
2014-12-14 07:22:52,0,Water,Constituent Service,NA
2014-12-14 11:51:54,0,Water,Village,NA
2014-12-14 16:54:16,1,Infrastructure,Village,NA
2014-12-14 17:03:26,1,Water,Village,NA
2014-12-15 19:11:46,1,Governance,Village,12
2014-12-15 20:33:07,1,Water,Village,NA
2014-12-16 02:20:56,1,Health,Village,79
2014-12-16 15:52:48,0,Water,Village,53
2014-12-16 17:43:10,0,Community Development,District,NA
2014-12-17 10:38:08,0,Economy,Village,81
2014-12-17 23:37:57,1,Governance,Village,85
2014-12-18 05:11:55,1,Health,Village,NA
2014-12-18 06:40:37,1,Health,Village,NA
2014-12-18 06:46:24,1,Health,Village,NA
2014-12-18 21:46:58,0,Education,Village,NA
2014-12-18 23:55:24,0,Economy,Village,81
2014-12-19 00:22:55,0,Agriculture,Village,81
2014-12-19 00:23:10,0,Agriculture,Village,81
2014-12-19 01:19:23,1,Water,Village,81
2014-12-19 02:00:45,1,Education,Village,NA
2014-12-19 03:41:28,0,Health,Village,77
2014-12-19 03:58:30,0,Health,Village,13
2014-12-19 09:42:38,0,Education,Village,81
2014-12-19 14:26:53,1,Health,Village,52
2014-12-19 15:30:24,0,Gender,Village,81
2014-12-19 15:37:12,1,Community Development,Village,NA
2014-12-19 15:52:22,0,Governance,Village,81
2014-12-19 20:07:01,1,Community Development,Village,NA
2014-12-20 19:07:15,1,Infrastructure,Village,17
2014-12-20 19:16:07,0,Infrastructure,Village,17
2014-12-20 19:26:14,1,Infrastructure,Village,17
2014-12-20 19:42:55,0,Health,Village,17
2014-12-21 10:04:49,0,Water,Village,43
2014-12-21 15:14:51,1,Water,Village,80
2014-12-21 19:02:08,0,Water,Village,55
2014-12-21 21:21:29,0,Health,District,7
2014-12-22 17:56:15,0,Health,National,17
2014-12-22 17:56:52,0,Health,National,17
2014-12-23 14:23:10,0,Health,Village,38
2014-12-23 15:11:21,1,Governance,District,55
2014-12-23 22:03:04,1,Water,Village,31
2014-12-24 22:59:08,0,Education,Private,77
2014-12-24 23:17:13,0,Health,Village,77
2014-12-25 13:02:03,1,Water,Village,NA
2014-12-26 08:20:29,0,Agriculture,Village,81
2014-12-26 08:35:29,0,Governance,District,81
2014-12-26 09:13:20,0,Governance,District,81
2014-12-26 09:26:54,0,Agriculture,District,41
2014-12-26 14:33:23,1,Community Development,Village,14
2014-12-26 17:43:47,1,Water,Village,79
2014-12-28 19:30:05,0,Water,Village,NA
2014-12-28 20:40:07,1,Water,Village,80
2014-12-28 21:08:55,0,Water,Village,79
2014-12-29 09:24:51,1,Water,Village,81
2014-12-29 10:32:31,1,Water,Village,31
2014-12-29 15:01:38,0,Education,District,81
2014-12-29 18:46:35,1,Education,Village,NA
2014-12-29 19:49:28,0,Water,Village,29
2014-12-29 19:49:55,0,Water,Village,NA
2014-12-30 06:59:00,0,Education,Private,53
2014-12-30 07:04:12,1,Health,Village,NA
2014-12-30 10:34:59,1,Community Development,Village,NA
2014-12-30 11:51:10,0,Agriculture,District,NA
2014-12-30 21:00:22,0,Water,Constituent Service,NA
2014-12-31 00:11:07,1,Water,Village,29
2014-12-31 13:18:35,1,Water,Village,68
2014-12-31 13:26:39,1,Water,Village,68
2014-12-31 13:42:15,1,Water,District,68
2014-12-31 13:55:47,1,Water,District,68
2014-12-31 14:05:33,0,Community Development,District,81
2014-12-31 15:28:01,0,Agriculture,District,42
2014-12-31 15:39:22,0,Agriculture,District,42
2014-12-31 15:50:15,1,Health,Village,55
2014-12-31 17:05:33,1,Water,Village,NA
2014-12-31 17:13:51,0,Community Development,District,40
2014-12-31 17:51:00,1,Health,Village,40
2014-12-31 21:55:33,1,Water,Village,29
2015-01-01 12:17:43,1,Infrastructure,Village,NA
2015-01-01 16:36:38,1,Water,Village,NA
2015-01-02 10:45:10,1,Water,Village,68
2015-01-02 15:29:25,1,Education,Village,NA
2015-01-02 16:21:42,0,Education,Village,64
2015-01-02 18:18:33,0,Community Development,District,NA
2015-01-02 20:44:43,1,Infrastructure,Village,NA
2015-01-02 20:44:44,1,Infrastructure,Village,NA
2015-01-02 21:13:57,1,Water,Village,NA
2015-01-02 21:21:12,1,Infrastructure,Village,59
2015-01-02 21:34:01,1,Health,Village,59
2015-01-04 09:52:21,0,Water,District,23
2015-01-05 11:39:47,0,Community Development,Constituent Service,81
2015-01-05 12:01:21,0,Infrastructure,District,81
2015-01-05 12:01:32,1,Infrastructure,District,81
2015-01-06 09:03:14,1,Water,Village,23
2015-01-06 10:31:10,0,Education,District,81
2015-01-06 10:31:56,0,Education,District,81
2015-01-06 11:04:31,0,Education,District,81
2015-01-06 12:22:54,0,Education,District,81
2015-01-06 13:24:54,0,Community Development,District,81
2015-01-06 17:05:30,1,Water,Village,NA
2015-01-06 17:11:39,1,Health,Village,80
2015-01-06 17:17:45,1,Infrastructure,Village,80
2015-01-06 17:19:02,0,Health,Village,14
2015-01-06 17:36:13,0,Education,District,43
2015-01-06 18:06:47,1,Education,Village,NA
2015-01-06 19:34:32,0,Health,Village,85
2015-01-06 22:06:48,0,Water,Village,23
2015-01-06 22:52:12,1,Health,Village,29
2015-01-07 10:09:10,0,Agriculture,District,NA
2015-01-07 17:16:56,1,Water,Village,66
2015-01-07 17:17:57,1,Water,Village,66
2015-01-07 17:19:19,1,Water,Village,66
2015-01-07 17:31:08,1,Water,Village,66
2015-01-07 17:31:33,1,Water,Village,66
2015-01-08 08:17:50,0,Agriculture,Village,12
2015-01-08 08:24:23,0,Community Development,Village,12
2015-01-08 08:33:26,0,Health,Village,NA
2015-01-08 08:33:32,1,Health,Village,NA
2015-01-08 08:34:12,0,Health,District,NA
2015-01-08 09:05:50,0,Community Development,Village,NA
2015-01-08 13:41:51,0,Health,Village,NA
2015-01-08 13:53:57,0,Agriculture,Village,NA
2015-01-08 16:23:57,1,Community Development,Village,29
2015-01-08 20:25:46,1,Infrastructure,Village,NA
2015-01-08 20:25:49,1,Infrastructure,Village,NA
2015-01-08 20:37:01,1,Health,Village,40
2015-01-08 22:37:11,1,Health,Village,18
2015-01-09 12:06:38,1,Community Development,Village,29
2015-01-09 13:58:03,1,Education,District,81
2015-01-10 07:28:37,1,Health,Village,54
2015-01-10 22:32:28,0,Education,Private,13
2015-01-12 12:32:27,1,Water,Village,75
2015-01-12 17:09:11,0,Health,Constituent Service,NA
2015-01-12 20:20:10,0,Infrastructure,Village,12
2015-01-12 20:20:15,0,Infrastructure,Village,12
2015-01-12 22:36:11,0,Governance,District,NA
2015-01-13 08:28:41,0,Health,District,15
2015-01-13 09:59:59,1,Health,Village,56
2015-01-13 10:56:45,1,Water,Village,NA
2015-01-13 10:57:16,1,Water,Village,NA
2015-01-13 13:39:31,0,Community Development,District,79
2015-01-13 14:13:47,0,Education,District,81
2015-01-13 15:23:10,1,Health,Village,61
2015-01-14 17:57:43,1,Water,Village,31
2015-01-14 17:58:05,0,Water,District,31
2015-01-14 18:01:46,1,Education,Village,53
2015-01-14 18:03:25,0,Education,Private,53
2015-01-14 19:23:33,0,Education,District,53
2015-01-14 19:24:51,0,Education,District,53
2015-01-14 23:18:47,1,Water,Village,42
2015-01-15 00:09:04,1,Education,Village,53
2015-01-15 00:09:12,0,Education,District,53
2015-01-15 00:09:14,1,Education,Village,53
2015-01-15 00:09:58,0,Education,Private,53
2015-01-15 00:10:19,0,Education,District,53
2015-01-15 00:27:39,0,Infrastructure,Village,NA
2015-01-15 00:46:40,0,Governance,District,54
2015-01-15 01:36:15,1,Education,Village,80
2015-01-15 10:32:34,0,Education,District,53
2015-01-16 13:09:47,0,Governance,District,59
2015-01-16 14:37:12,1,Water,Village,29
2015-01-17 18:57:22,0,Governance,District,2
2015-01-17 20:33:18,0,Governance,District,59
2015-01-18 06:31:55,0,Health,District,NA
2015-01-18 12:44:12,1,Infrastructure,Village,NA
2015-01-18 16:25:37,0,Health,District,18
2015-01-18 20:54:35,0,Infrastructure,Village,38
2015-01-19 13:28:48,1,Health,Village,1
2015-01-19 13:36:42,1,Health,Village,1
2015-01-19 14:57:24,1,Health,Village,1
2015-01-19 14:58:39,1,Health,Village,1
2015-01-19 16:24:49,1,Education,Village,NA
2015-01-19 17:02:09,0,Education,Village,62
2015-01-19 17:08:12,0,Governance,District,NA
2015-01-19 17:57:33,0,Infrastructure,Village,NA
2015-01-19 19:23:44,0,Education,District,81
2015-01-19 20:07:01,0,Education,District,81
2015-01-19 21:05:34,0,Education,District,81
2015-01-19 22:15:40,0,Community Development,Village,NA
2015-01-20 10:17:46,1,Governance,Village,40
2015-01-20 11:28:59,0,Water,Village,29
2015-01-21 04:13:18,1,Education,Village,53
2015-01-21 04:13:31,1,Education,District,53
2015-01-21 04:14:01,1,Education,Village,53
2015-01-21 04:14:09,1,Education,District,53
2015-01-21 04:14:16,1,Education,District,53
2015-01-21 04:15:04,1,Education,Village,53
2015-01-21 04:15:10,1,Education,District,53
2015-01-21 04:15:18,0,Education,District,53
2015-01-21 08:40:14,0,Education,District,53
2015-01-21 11:08:09,0,Water,Village,74
2015-01-21 12:24:35,0,Health,Village,3
2015-01-21 14:16:13,0,Water,Village,56
2015-01-21 17:35:14,1,Health,Village,33
2015-01-21 20:53:38,1,Infrastructure,Village,28
2015-01-22 01:07:04,0,Health,Village,33
2015-01-22 07:19:20,1,Health,Village,52
2015-01-22 11:27:55,0,Health,Village,33
2015-01-22 13:06:29,1,Health,Village,NA
2015-01-23 15:44:30,0,Governance,District,56
2015-01-23 16:49:30,0,Health,Village,56
2015-01-24 23:08:57,1,Education,District,80
2015-01-24 23:15:38,0,Water,Constituent Service,NA
2015-01-24 23:48:08,1,Infrastructure,Village,80
2015-01-25 00:22:46,0,Governance,District,80
2015-01-25 00:56:00,0,Economy,Private,NA
2015-01-25 01:14:49,0,Water,Village,56
2015-01-25 01:37:22,1,Education,Village,NA
2015-01-25 02:31:20,0,Education,District,53
2015-01-25 13:12:15,1,Water,Village,41
2015-01-25 13:12:18,1,Water,Village,41
2015-01-25 14:52:08,1,Infrastructure,Village,13
2015-01-26 10:53:14,0,Infrastructure,Village,20
2015-01-26 12:14:35,1,Water,Village,80
2015-01-26 12:55:43,0,Water,Village,NA
2015-01-26 15:50:55,0,Water,Constituent Service,NA
2015-01-26 18:57:57,0,Economy,Private,13
2015-01-26 19:46:54,0,Health,Village,40
2015-01-26 20:31:35,0,Infrastructure,Village,13
2015-01-26 20:55:24,1,Health,Village,NA
2015-01-26 22:05:03,0,Governance,National,NA
2015-01-27 08:27:42,0,Community Development,Village,40
2015-01-27 10:08:54,1,Infrastructure,Village,NA
2015-01-27 12:18:07,0,Community Development,Village,NA
2015-01-27 15:28:23,1,Water,Village,40
2015-01-27 17:58:43,0,Water,Village,NA
2015-01-27 18:08:37,0,Education,District,NA
2015-01-27 22:40:44,0,Governance,District,59
2015-01-28 15:09:07,0,Governance,District,NA
2015-01-28 15:09:09,0,Governance,District,NA
2015-01-28 15:09:12,1,Infrastructure,Village,NA
2015-01-28 20:21:51,0,Governance,Constituent Service,NA
2015-01-28 20:22:35,0,Water,District,NA
2015-01-29 10:02:16,1,Health,District,77
2015-01-29 15:57:02,0,Water,Village,NA
2015-01-29 18:26:09,0,Health,Village,77
2015-01-30 13:51:47,0,Governance,District,18
2015-01-30 17:01:34,1,Health,Village,77
2015-01-30 19:36:12,1,Health,Village,NA
2015-01-30 19:36:20,1,Health,District,NA
2015-01-31 09:28:04,0,Economy,Village,56
2015-01-31 12:55:00,0,Water,Village,NA
2015-01-31 14:34:12,1,Education,Village,81
2015-02-01 07:55:25,0,Water,Village,43
2015-02-01 12:07:06,0,Water,Village,NA
2015-02-01 12:57:31,0,Agriculture,District,42
2015-02-01 12:59:05,0,Agriculture,District,42
2015-02-01 20:58:12,0,Water,Constituent Service,NA
2015-02-01 21:03:19,0,Water,Constituent Service,NA
2015-02-02 08:49:31,0,Water,Village,22
2015-02-02 09:05:26,0,Governance,Village,56
2015-02-02 12:02:06,0,Governance,Village,NA
2015-02-02 12:09:52,0,Governance,Village,NA
2015-02-02 14:32:24,0,Water,Village,22
2015-02-02 22:46:55,0,Infrastructure,Village,38
2015-02-02 23:05:12,0,Education,Village,NA
2015-02-03 11:08:35,1,Education,Village,80
2015-02-03 13:01:57,0,Health,Constituent Service,13
2015-02-03 14:37:52,1,Governance,Village,34
2015-02-03 14:39:16,1,Governance,Village,34
2015-02-03 20:34:17,0,Water,Village,79
2015-02-03 20:37:09,1,Water,Village,79
2015-02-03 20:37:44,0,Water,Village,13
2015-02-03 20:39:48,1,Water,Village,79
2015-02-03 20:49:56,1,Water,Village,79
2015-02-03 21:07:11,1,Education,Village,68
2015-02-03 21:15:04,1,Education,Village,68
2015-02-03 21:38:38,0,Water,Constituent Service,NA
2015-02-04 16:13:28,0,Governance,District,81
2015-02-04 16:17:59,0,Governance,Constituent Service,3
2015-02-04 16:24:29,1,Water,Village,NA
2015-02-04 16:42:46,0,Governance,District,13
2015-02-04 18:48:09,0,Health,Village,56
2015-02-05 10:20:20,1,Water,Village,79
2015-02-05 10:21:14,1,Water,Village,79
2015-02-05 10:22:52,1,Water,Village,79
2015-02-05 10:35:39,1,Infrastructure,Village,26
2015-02-05 10:35:56,1,Infrastructure,Village,26
2015-02-05 10:56:27,1,Water,Village,42
2015-02-06 10:56:46,0,Health,District,NA
2015-02-06 18:48:39,1,Infrastructure,Village,78
2015-02-07 13:26:44,0,Water,Village,74
2015-02-07 16:08:46,0,Education,National,NA
2015-02-07 18:34:05,1,Water,Village,79
2015-02-08 15:43:13,0,Water,Village,23
2015-02-08 15:44:29,1,Health,Village,4
2015-02-08 17:15:06,1,Water,Village,79
2015-02-09 11:02:43,0,Water,Village,80
2015-02-10 12:10:14,0,Health,Village,39
2015-02-10 12:10:19,1,Health,Village,39
2015-02-10 12:10:22,1,Health,Village,39
2015-02-11 13:32:23,0,Infrastructure,District,39
2015-02-11 13:32:26,0,Infrastructure,District,39
2015-02-11 13:32:29,0,Infrastructure,District,39
2015-02-11 13:32:31,1,Infrastructure,District,39
2015-02-11 17:02:54,1,Water,Village,75
2015-02-12 07:05:18,1,Water,Village,14
2015-02-12 07:25:29,1,Water,Village,14
2015-02-12 07:25:32,0,Water,Village,14
2015-02-12 09:18:29,0,Water,Village,43
2015-02-12 09:52:35,0,Water,Village,43
2015-02-12 15:37:09,0,Governance,District,NA
2015-02-12 16:15:42,1,Infrastructure,Village,48
2015-02-12 16:25:32,1,Water,Village,80
2015-02-13 09:44:52,1,Governance,Village,NA
2015-02-13 17:19:49,0,Education,District,NA
2015-02-13 18:37:13,0,Health,District,78
2015-02-13 18:50:07,0,Community Development,Village,56
2015-02-13 19:58:53,1,Water,District,55
2015-02-13 20:16:34,0,Water,Village,75
2015-02-13 21:39:06,0,Water,Village,43
2015-02-13 21:39:25,0,Water,Village,43
2015-02-13 21:39:43,0,Water,Village,43
2015-02-13 22:35:21,0,Water,Village,43
2015-02-13 22:37:02,0,Water,Village,43
2015-02-14 08:15:44,0,Economy,Private,56
2015-02-14 10:52:04,0,Water,Village,43
2015-02-15 11:45:39,1,Education,Village,15
2015-02-15 15:56:24,0,Water,Village,43
2015-02-15 15:56:48,0,Water,Village,43
2015-02-15 20:41:13,1,Water,Village,80
2015-02-16 10:08:05,1,Infrastructure,Village,81
2015-02-16 14:32:21,0,Health,Village,56
2015-02-16 14:32:24,1,Health,Village,56
2015-02-16 14:58:51,1,Education,Village,NA
2015-02-16 14:58:54,1,Education,Village,NA
2015-02-16 16:47:21,1,Water,Village,45
2015-02-17 18:50:15,0,Water,Village,43
2015-02-18 13:51:42,0,Water,Village,43
2015-02-18 16:08:46,0,Health,District,NA
2015-02-19 10:50:08,1,Health,Village,78
2015-02-20 17:52:47,1,Water,Village,55
2015-02-20 20:00:00,0,Infrastructure,Village,NA
2015-02-21 08:12:27,0,Water,Village,43
2015-02-21 08:20:55,0,Water,Village,43
2015-02-22 08:41:40,1,Governance,Village,18
2015-02-22 21:20:48,1,Water,Village,79
2015-02-22 21:20:54,1,Water,Village,79
2015-02-23 13:15:29,1,Education,Village,NA
2015-02-23 13:16:45,1,Education,Village,NA
2015-02-23 14:44:57,1,Education,Village,NA
2015-02-24 08:19:54,0,Water,Village,NA
2015-02-24 08:22:10,1,Water,Village,NA
2015-02-24 17:18:20,0,Water,Village,NA
2015-02-24 17:19:34,0,Water,Village,NA
2015-02-24 17:19:43,1,Water,Village,NA
2015-02-24 17:20:20,1,Water,Village,NA
2015-02-24 17:20:39,1,Water,Village,NA
2015-02-24 17:20:40,0,Water,Village,NA
2015-02-25 10:20:28,0,Community Development,Constituent Service,3
2015-02-25 10:20:28,0,Community Development,Constituent Service,78
2015-02-25 10:21:19,0,Community Development,Constituent Service,NA
2015-02-25 10:21:19,1,Infrastructure,Village,4
2015-02-25 10:21:51,0,Governance,District,78
2015-02-25 10:52:07,0,Education,Village,78
2015-02-25 10:52:36,0,Education,Village,78
2015-02-25 13:10:44,0,Community Development,District,20
2015-02-25 20:26:32,0,Education,Village,72
2015-02-27 09:37:44,0,Governance,Village,NA
2015-02-27 10:29:06,0,Health,District,18
2015-02-27 10:29:26,0,Governance,District,69
2015-02-27 11:39:10,0,Community Development,Village,34
2015-02-27 12:19:17,1,Health,Village,54
2015-02-27 12:42:43,0,Governance,Village,34
2015-02-27 12:42:46,0,Economy,Village,34
2015-02-27 12:42:49,0,Economy,Village,34
2015-02-27 12:42:52,0,Water,District,34
2015-02-27 22:03:53,0,Water,Village,77
2015-02-28 06:40:13,0,Community Development,Village,56
2015-02-28 09:22:06,0,Water,Village,3
2015-03-01 18:08:00,0,Education,District,NA
2015-03-01 18:08:02,0,Education,Village,NA
2015-03-02 09:43:42,1,Education,Village,14
2015-03-02 13:45:10,0,Education,District,68
2015-03-02 14:05:46,1,Education,Village,68
2015-03-02 14:52:10,0,Education,Village,78
2015-03-02 14:52:29,0,Education,Village,78
2015-03-02 18:12:15,0,Economy,Private,13
2015-03-02 19:57:21,1,Education,Village,NA
2015-03-03 19:18:16,0,Water,Village,22
2015-03-04 05:43:18,0,Health,Village,56
2015-03-04 11:50:24,1,Infrastructure,Village,NA
2015-03-04 18:24:39,0,Education,Village,NA
2015-03-04 19:50:19,0,Water,Village,13
2015-03-04 20:07:01,0,Community Development,Constituent Service,40
2015-03-04 22:10:11,1,Governance,Village,40
2015-03-05 00:36:43,1,Water,Village,29
2015-03-05 16:51:04,1,Health,Village,68
2015-03-06 11:09:18,1,Education,Village,85
2015-03-07 06:02:57,0,Water,Constituent Service,43
2015-03-08 17:24:15,0,Infrastructure,District,NA
2015-03-09 18:36:27,0,Agriculture,Constituent Service,NA
2015-03-10 10:53:35,1,Water,Village,NA
2015-03-11 06:57:15,0,Agriculture,Village,43
2015-03-11 07:43:55,0,Water,Village,78
2015-03-11 07:44:37,0,Water,Village,78
2015-03-11 07:44:56,0,Water,Village,78
2015-03-11 07:45:18,0,Water,Village,78
2015-03-11 21:26:14,1,Education,Village,72
2015-03-12 14:33:09,0,Education,Village,65
2015-03-12 15:23:00,1,Education,Village,65
2015-03-12 15:32:52,0,Education,Village,65
2015-03-12 16:38:37,1,Education,Village,NA
2015-03-12 19:41:51,0,Governance,District,56
2015-03-13 12:14:38,1,Education,Village,65
2015-03-13 13:57:40,0,Education,Constituent Service,NA
2015-03-13 16:41:02,0,Education,Village,NA
2015-03-13 20:05:44,0,Education,Village,65
2015-03-13 21:10:30,1,Water,Village,NA
2015-03-14 12:19:38,1,Health,Private,33
2015-03-14 17:00:00,0,Community Development,Private,NA
2015-03-15 16:25:59,1,Education,District,72
2015-03-15 21:42:38,1,Education,District,72
2015-03-16 15:39:46,0,Governance,District,NA
2015-03-16 15:50:21,0,Agriculture,Village,NA
2015-03-16 16:20:59,0,Education,District,NA
2015-03-16 16:28:51,1,Education,Village,NA
2015-03-17 08:06:08,0,Water,District,55
2015-03-17 08:14:06,0,Health,District,81
2015-03-17 08:19:21,0,Governance,District,49
2015-03-17 08:20:10,0,Community Development,Village,22
2015-03-17 08:20:37,0,Education,District,22
2015-03-17 08:20:42,0,Governance,District,56
2015-03-17 08:27:12,1,Water,Village,80
2015-03-17 08:29:19,0,Governance,District,56
2015-03-17 08:44:32,0,Water,District,80
2015-03-17 08:45:40,0,Economy,Private,20
2015-03-17 08:47:08,1,Education,Village,75
2015-03-17 08:47:41,1,Education,Village,35
2015-03-17 08:48:18,0,Community Development,Village,NA
2015-03-17 08:48:22,1,Community Development,Village,NA
2015-03-17 08:49:28,0,Water,Village,80
2015-03-17 08:51:16,0,Water,Village,80
2015-03-17 08:51:59,0,Agriculture,Constituent Service,8
2015-03-17 08:52:01,0,Agriculture,Constituent Service,8
2015-03-17 08:58:43,1,Education,Village,65
2015-03-17 09:03:06,0,Governance,District,49
2015-03-17 09:11:05,1,Water,Village,31
2015-03-17 09:16:55,1,Agriculture,Village,NA
2015-03-17 09:19:12,0,Health,District,56
2015-03-17 09:26:11,1,Infrastructure,Village,73
2015-03-17 10:06:18,0,Health,Village,81
2015-03-17 10:50:00,0,Health,Village,82
2015-03-17 10:54:32,1,Education,Village,65
2015-03-17 11:01:21,1,Education,Village,85
2015-03-17 11:02:44,1,Education,Village,85
2015-03-17 11:10:05,0,Infrastructure,Village,51
2015-03-17 11:10:45,0,Governance,National,49
2015-03-17 11:25:52,0,Governance,District,18
2015-03-17 11:26:02,0,Governance,District,18
2015-03-17 11:26:04,0,Governance,District,18
2015-03-17 12:16:25,1,Governance,Village,59
2015-03-17 13:33:41,1,Health,Village,13
2015-03-17 14:48:10,1,Education,Village,NA
2015-03-17 15:04:51,0,Education,Village,NA
2015-03-17 15:45:06,0,Governance,District,NA
2015-03-17 16:28:45,1,Infrastructure,Village,20
2015-03-17 17:51:06,1,Education,Village,65
2015-03-17 19:01:22,0,Water,Village,13
2015-03-17 22:09:24,0,Governance,National,12
2015-03-17 22:09:35,1,Education,Village,NA
2015-03-17 22:10:58,0,Governance,Constituent Service,12
2015-03-18 10:36:16,0,Health,Village,79
2015-03-18 10:36:17,1,Health,District,79
2015-03-18 18:03:36,0,Education,Village,78
2015-03-18 18:04:43,0,Education,Village,78
2015-03-18 22:14:40,1,Health,Village,71
2015-03-19 11:19:53,1,Governance,District,NA
2015-03-19 17:54:44,1,Governance,District,NA
2015-03-19 17:55:32,1,Governance,District,NA
2015-03-20 14:18:44,0,Health,Village,54
2015-03-20 14:19:14,0,Health,Village,54
2015-03-20 14:19:45,0,Health,Village,54
2015-03-20 14:20:24,0,Health,Village,54
2015-03-20 14:20:40,0,Health,Village,54
2015-03-20 23:24:47,0,Education,Village,78
2015-03-20 23:25:25,0,Education,Village,78
2015-03-21 07:38:18,0,Infrastructure,District,39
2015-03-21 07:38:28,0,Infrastructure,District,39
2015-03-21 13:23:41,0,Governance,National,44
2015-03-21 15:48:14,0,Water,Village,53
2015-03-21 15:48:32,0,Water,Village,53
2015-03-21 15:51:44,1,Water,Village,53
2015-03-21 21:40:40,1,Economy,District,NA
2015-03-22 16:42:26,1,Education,Village,NA
2015-03-22 16:43:22,1,Education,Village,NA
2015-03-22 19:35:59,1,Education,Village,NA
2015-03-22 19:36:00,1,Water,Village,NA
2015-03-23 02:55:59,1,Education,Village,55
2015-03-23 10:32:13,1,Education,District,55
2015-03-23 22:01:32,1,Education,Village,14
2015-03-23 22:14:52,1,Education,District,NA
2015-03-24 10:02:24,1,Health,Village,57
2015-03-24 10:02:27,1,Infrastructure,Village,57
2015-03-24 10:09:55,1,Education,Village,56
2015-03-24 13:01:19,1,Health,Village,80
2015-03-24 13:24:35,1,Health,Village,NA
2015-03-24 16:17:14,0,Governance,District,82
2015-03-24 21:00:32,0,Governance,District,NA
2015-03-25 10:40:48,1,Health,Village,NA
2015-03-25 15:31:42,0,Education,District,16
2015-03-25 15:47:05,0,Education,District,16
2015-03-25 15:48:49,0,Education,District,20
2015-03-25 17:05:46,0,Education,District,79
2015-03-25 17:44:38,1,Education,Village,68
2015-03-25 20:20:07,0,Health,Village,78
2015-03-26 09:31:42,0,Economy,District,71
2015-03-26 09:32:51,0,Health,Village,78
2015-03-26 14:26:34,1,Education,Village,31
2015-03-26 15:50:09,0,Education,Village,78
2015-03-26 21:49:08,1,Health,Village,80
2015-03-27 07:47:57,0,Health,District,68
2015-03-27 10:34:00,0,Governance,District,52
2015-03-27 10:52:44,1,Water,Village,29
2015-03-27 10:52:46,1,Water,Village,29
2015-03-27 11:53:55,0,Education,District,17
2015-03-27 12:09:04,1,Education,Village,37
2015-03-27 13:30:13,1,Infrastructure,Village,37
2015-03-27 17:48:43,1,Agriculture,Village,NA
2015-03-27 22:37:30,1,Governance,Village,NA
2015-03-28 04:18:06,1,Agriculture,Village,NA
2015-03-28 04:30:11,1,Agriculture,Village,NA
2015-03-28 04:40:16,1,Agriculture,Village,NA
2015-03-28 08:43:47,0,Community Development,District,NA
2015-03-28 10:37:53,0,Infrastructure,District,3
2015-03-28 10:57:48,0,Education,National,15
2015-03-28 10:57:53,0,Education,National,15
2015-03-28 19:18:34,1,Education,Village,NA
2015-03-28 20:32:07,0,Governance,Village,NA
2015-03-29 07:07:39,1,Agriculture,Village,NA
2015-03-29 16:55:46,1,Education,District,NA
2015-03-29 16:58:57,1,Education,District,NA
2015-03-29 18:11:48,1,Governance,Village,NA
2015-03-30 19:56:08,1,Education,Village,NA
2015-03-31 11:23:08,1,Governance,District,NA
2015-03-31 12:33:18,0,Economy,District,NA
2015-03-31 14:47:14,0,Health,Village,47
2015-03-31 14:49:23,0,Health,Village,47
2015-03-31 15:47:07,0,Community Development,Village,76
2015-03-31 16:56:13,0,Education,District,NA
2015-03-31 17:09:38,0,Education,District,NA
2015-03-31 21:58:43,1,Education,Village,NA
2015-04-01 07:20:35,0,Education,District,NA
2015-04-01 10:52:57,0,Infrastructure,Village,NA
2015-04-01 13:03:26,1,Education,Village,NA
2015-04-01 13:03:28,0,Water,Village,NA
2015-04-01 20:20:52,0,Education,District,2
2015-04-01 20:52:45,1,Education,Village,68
2015-04-01 23:18:41,1,Education,Village,59
2015-04-02 12:29:41,0,Health,District,NA
2015-04-02 20:21:04,0,Health,Village,NA
2015-04-03 10:08:03,1,Water,Village,41
2015-04-03 12:35:36,1,Health,Village,54
2015-04-03 16:23:01,0,Economy,Private,NA
2015-04-03 18:16:38,0,Economy,Private,75
2015-04-03 18:54:14,1,Education,Village,59
2015-04-03 20:30:56,1,Water,District,13
2015-04-04 06:12:12,1,Education,Village,55
2015-04-04 06:25:52,1,Education,District,55
2015-04-05 02:01:34,0,Education,Constituent Service,13
2015-04-05 21:23:27,0,Community Development,Village,NA
2015-04-06 12:46:27,0,Economy,Private,13
2015-04-06 16:09:51,0,Governance,District,NA
2015-04-07 10:13:34,1,Health,Village,33
2015-04-07 16:04:57,0,NA,Constituent Service,29
2015-04-07 18:27:32,0,Education,District,NA
2015-04-07 18:36:25,0,Education,District,NA
2015-04-08 10:52:44,0,Governance,Constituent Service,76
2015-04-09 18:37:10,0,Education,District,2
2015-04-09 22:54:13,0,Health,Village,NA
2015-04-10 07:53:48,1,Infrastructure,Village,NA
2015-04-10 08:18:41,0,Governance,District,82
2015-04-10 10:28:54,0,Governance,District,82
2015-04-11 03:34:01,0,Education,Village,NA
2015-04-11 12:10:30,1,Education,Village,32
2015-04-11 22:54:34,0,Infrastructure,District,NA
2015-04-12 21:24:13,0,Governance,District,NA
2015-04-12 21:35:36,1,Governance,District,NA
2015-04-13 22:07:28,1,Health,Village,59
2015-04-14 12:00:30,0,Governance,District,39
2015-04-14 15:16:01,0,Governance,Village,41
2015-04-14 17:11:02,0,Health,Village,NA
2015-04-15 11:10:48,1,Health,Village,52
2015-04-15 13:29:14,0,Health,Constituent Service,71
2015-04-15 15:33:27,0,Education,District,16
2015-04-15 15:35:07,1,Water,Village,49
2015-04-15 19:19:41,0,Governance,Constituent Service,NA
2015-04-15 20:03:57,0,Health,Village,18
2015-04-16 10:44:05,1,Education,Village,81
2015-04-16 20:22:11,0,Education,Village,78
2015-04-16 20:23:00,0,Education,Village,78
2015-04-17 07:56:46,0,Infrastructure,District,39
2015-04-17 10:39:09,0,Education,District,2
2015-04-17 12:56:02,1,Education,Village,NA
2015-04-17 13:12:26,0,Governance,Village,44
2015-04-17 13:15:32,0,Education,District,57
2015-04-17 14:27:26,0,Education,District,57
2015-04-17 22:20:47,0,Economy,Constituent Service,NA
2015-04-18 10:09:26,0,Governance,Village,44
2015-04-20 16:52:20,0,Governance,Village,14
2015-04-21 13:29:42,0,Education,District,79
2015-04-21 13:29:45,0,Education,District,79
2015-04-21 15:38:54,0,Governance,District,53
2015-04-23 00:27:51,1,Education,Village,47
2015-04-23 00:45:38,0,Education,Village,40
2015-04-23 03:13:33,1,Education,Village,NA
2015-04-23 03:46:27,0,Education,District,79
2015-04-23 04:16:15,0,Education,Constituent Service,4
2015-04-23 04:16:37,0,Education,Village,4
2015-04-23 18:18:32,0,Governance,Village,39
2015-04-24 09:39:30,0,Water,District,55
2015-04-24 09:40:05,0,Education,District,75
2015-04-24 10:02:59,1,Education,Village,77
2015-04-24 10:25:26,0,Education,District,81
2015-04-24 11:22:27,0,Education,District,81
2015-04-24 20:06:53,0,Education,Village,11
2015-04-24 20:07:13,0,Community Development,Constituent Service,11
2015-04-24 21:23:17,0,Education,District,NA
2015-04-24 21:53:26,1,Infrastructure,Village,NA
2015-04-24 22:09:50,0,Education,District,NA
2015-04-25 20:22:46,1,Education,Village,NA
2015-04-25 22:01:17,1,Education,Village,NA
2015-04-25 22:05:24,1,Education,Village,65
2015-04-26 10:43:17,0,Water,Village,55
2015-04-26 15:00:51,0,Water,Village,75
2015-04-26 15:02:49,0,Water,Village,75
2015-04-27 07:58:09,0,Governance,District,79
2015-04-29 15:48:14,1,Education,Village,31
2015-04-29 18:05:26,0,Water,Village,75
2015-05-04 15:03:38,1,Water,Village,NA
2015-05-04 15:16:35,0,Education,District,46
2015-05-04 15:19:17,1,Water,Village,NA
2015-05-04 20:23:28,1,Education,Village,80
2015-05-04 21:13:01,1,Community Development,Village,NA
2015-05-04 21:13:03,1,Community Development,Village,NA
2015-05-04 21:44:15,0,Governance,Village,4
2015-05-05 02:14:31,0,Governance,District,55
2015-05-05 15:08:37,1,Education,District,55
2015-05-05 15:08:43,0,Education,District,55
2015-05-05 15:18:15,1,Education,District,55
2015-05-05 19:17:24,0,Education,District,55
2015-05-06 09:50:37,0,Education,District,46
2015-05-06 13:01:17,0,Education,District,82
2015-05-06 14:05:51,1,Health,Village,39
2015-05-06 14:27:58,1,Health,Village,52
2015-05-06 20:11:17,1,Water,District,44
2015-05-07 20:04:02,1,Education,District,55
2015-05-07 20:08:50,0,Education,District,55
2015-05-07 22:30:49,1,Education,Village,NA
2015-05-08 09:58:41,0,Education,District,16
2015-05-08 11:20:50,0,Health,Village,NA
2015-05-08 11:34:33,0,Governance,District,NA
2015-05-08 19:25:59,0,Education,District,55
2015-05-10 10:37:30,0,Health,District,NA
2015-05-10 11:34:51,0,Agriculture,District,NA
2015-05-15 16:16:18,0,Education,Village,55
2015-05-15 16:17:00,0,Education,Village,55
2015-05-15 16:19:04,1,Education,Village,55
2015-05-15 22:17:06,0,Infrastructure,Village,NA
2015-05-18 13:25:56,1,Governance,Village,33
2015-05-18 14:31:40,1,Governance,Village,33
2015-05-18 14:31:46,1,Governance,Village,33
2015-05-19 13:49:30,1,Education,Village,65
2015-05-20 11:32:54,1,Education,Village,NA
2015-05-21 07:07:35,0,Education,District,NA
2015-05-21 08:08:06,0,Education,District,48
2015-05-21 08:21:09,1,Health,Village,85
2015-05-21 08:21:20,1,Water,Village,80
2015-05-21 08:24:12,1,Water,Village,80
2015-05-21 08:29:56,1,Infrastructure,Village,77
2015-05-21 08:51:49,0,Governance,District,70
2015-05-21 08:56:46,0,Education,District,43
2015-05-21 16:03:31,0,Education,District,21
2015-05-21 18:45:28,1,Education,Village,NA
2015-05-21 19:42:30,1,Education,District,57
2015-05-21 20:45:54,0,Education,District,44
2015-05-21 21:02:33,0,Education,National,44
2015-05-21 21:15:20,0,Health,District,19
2015-05-21 21:24:24,1,Education,Village,65
2015-05-21 22:11:09,1,Education,Village,NA
2015-05-22 13:06:07,1,Infrastructure,Village,NA
2015-05-22 13:25:32,0,Education,District,48
2015-05-22 13:34:14,1,Health,Village,20
2015-05-22 13:35:04,1,Water,Village,80
2015-05-22 16:08:51,1,Health,Village,82
2015-05-22 16:27:33,1,Infrastructure,Village,80
2015-05-23 07:20:12,0,Education,Village,55
2015-05-23 14:58:34,0,Education,District,NA
2015-05-23 15:59:53,0,Governance,District,6
2015-05-23 15:59:59,1,Infrastructure,District,6
2015-05-23 16:00:07,0,Governance,District,6
2015-05-23 16:00:15,1,Infrastructure,District,6
2015-05-23 20:38:06,0,Education,District,NA
2015-05-24 15:37:15,0,Infrastructure,Village,18
2015-05-24 20:31:20,0,Health,District,27
2015-05-24 20:31:46,0,Health,District,27
2015-05-25 03:05:10,1,Governance,Village,NA
2015-05-25 17:43:34,0,Governance,District,52
2015-05-25 22:50:48,0,Governance,District,18
2015-05-26 09:41:42,1,Education,Village,34
2015-05-26 10:02:40,0,Water,Village,62
2015-05-26 13:07:43,0,Water,District,NA
2015-05-26 19:26:50,0,Governance,Village,NA
2015-05-26 20:47:44,0,Governance,National,3
2015-05-26 21:24:48,0,Water,Village,NA
2015-05-27 08:16:34,1,Education,Village,34
2015-05-27 09:13:14,1,Education,Village,75
2015-05-27 12:46:34,0,Education,Village,48
2015-05-27 12:50:31,0,Health,Village,15
2015-05-27 12:56:13,1,Education,District,75
2015-05-27 12:58:19,1,Health,Village,15
2015-05-27 13:00:30,0,Community Development,Constituent Service,37
2015-05-27 13:05:46,1,Agriculture,Village,48
2015-05-27 13:05:49,1,Water,Village,80
2015-05-27 13:49:08,0,Health,District,41
2015-05-27 14:35:11,1,Governance,Village,NA
2015-05-27 14:35:11,1,Water,District,NA
2015-05-27 14:36:13,0,Health,Village,41
2015-05-27 14:36:42,0,Governance,District,3
2015-05-27 14:36:42,1,Water,Village,75
2015-05-28 11:38:49,0,Health,Village,14
2015-05-28 11:38:53,1,Health,District,14
2015-05-28 21:58:59,0,Governance,District,20
2015-05-29 00:26:00,0,Economy,District,55
2015-05-29 13:39:12,0,Infrastructure,Village,77
2015-05-29 16:47:08,0,Economy,District,55
2015-05-30 13:27:30,0,Education,Constituent Service,3
2015-05-30 13:27:35,1,Governance,Village,3
2015-05-30 13:27:38,0,Education,Constituent Service,3
2015-05-30 19:38:56,1,Infrastructure,Village,4
2015-05-30 21:39:59,0,Education,National,44
2015-06-01 08:34:52,1,Health,Village,NA
2015-06-03 12:27:29,0,Infrastructure,Private,2
2015-06-03 13:04:01,1,Infrastructure,Village,77
2015-06-03 14:54:53,0,Health,Private,71
2015-06-03 20:41:27,1,Water,Village,NA
2015-06-03 21:09:33,0,Governance,Village,80
2015-06-03 22:09:32,0,Governance,Village,80
2015-06-03 22:21:16,1,Infrastructure,Village,80
2015-06-04 09:44:18,1,Infrastructure,Village,1
2015-06-04 10:49:24,0,Economy,Village,NA
2015-06-04 10:53:35,1,Infrastructure,Village,61
2015-06-04 11:00:40,0,Water,Village,NA
2015-06-04 11:02:12,0,Economy,District,71
2015-06-04 11:02:24,0,Water,Village,NA
2015-06-04 11:37:11,0,Water,Village,43
2015-06-04 12:48:33,1,Water,Village,14
2015-06-04 12:59:13,0,Water,Village,NA
2015-06-04 12:59:16,0,Water,Village,NA
2015-06-04 13:53:27,0,Education,District,16
2015-06-04 13:56:03,0,Community Development,Village,NA
2015-06-04 13:56:54,0,Education,Village,55
2015-06-04 14:00:30,1,Education,Village,57
2015-06-04 14:05:11,1,Education,Village,22
2015-06-04 14:15:14,1,Governance,Village,81
2015-06-04 14:29:53,0,Education,District,13
2015-06-04 14:33:29,0,Economy,District,43
2015-06-04 15:06:33,0,Water,Constituent Service,76
2015-06-04 15:07:35,0,Water,Village,12
2015-06-04 15:13:49,0,Governance,District,NA
2015-06-04 15:19:12,1,Water,Village,35
2015-06-04 15:22:58,0,Economy,Constituent Service,18
2015-06-04 15:22:58,0,Health,District,43
2015-06-04 15:28:25,1,Health,Village,61
2015-06-04 15:45:57,0,Education,District,NA
2015-06-04 17:06:35,1,Health,District,6
2015-06-04 17:08:55,0,Governance,District,84
2015-06-04 17:20:45,0,Economy,District,84
2015-06-04 17:45:13,0,Education,District,70
2015-06-04 18:18:48,1,Agriculture,Village,NA
2015-06-04 18:31:06,1,Health,Village,15
2015-06-04 19:14:16,0,Water,District,59
2015-06-04 20:19:08,0,Education,Village,52
2015-06-04 20:30:18,1,Education,Village,NA
2015-06-04 20:37:27,0,Education,Constituent Service,57
2015-06-04 20:40:44,0,Education,District,57
2015-06-04 21:03:33,1,Health,Village,62
2015-06-04 21:45:09,0,Education,Village,11
2015-06-04 23:24:52,0,Health,Village,68
2015-06-05 03:21:02,0,Water,District,72
2015-06-05 03:28:45,1,Economy,Private,55
2015-06-05 05:28:54,0,Water,Village,29
2015-06-05 06:23:27,1,Education,Village,80
2015-06-05 09:25:46,0,Education,District,70
2015-06-05 09:34:48,0,Agriculture,District,70
2015-06-05 10:20:12,0,Infrastructure,Village,15
2015-06-05 11:30:33,1,Education,Village,85
2015-06-05 12:10:35,0,Water,Village,NA
2015-06-05 13:44:24,1,Health,Village,NA
2015-06-05 14:00:54,0,Water,Village,NA
2015-06-05 15:13:59,0,Economy,National,45
2015-06-05 15:14:02,0,Economy,National,45
2015-06-05 15:39:17,0,Education,Village,72
2015-06-05 16:26:07,1,Water,Village,79
2015-06-05 16:51:26,1,Water,Village,79
2015-06-05 17:44:38,1,Governance,Village,39
2015-06-05 18:03:38,1,Water,Village,80
2015-06-06 01:36:33,0,Community Development,Constituent Service,NA
2015-06-06 03:23:45,0,Education,District,55
2015-06-06 10:33:46,1,Health,Village,14
2015-06-06 12:17:59,0,Governance,District,77
2015-06-06 13:43:06,1,Health,Village,56
2015-06-06 19:46:09,0,Water,Village,NA
2015-06-07 06:39:48,1,Water,Village,NA
2015-06-07 08:19:30,1,Health,Village,82
2015-06-07 11:29:05,0,Economy,National,45
2015-06-07 14:11:31,1,Health,District,NA
2015-06-08 10:39:58,1,Infrastructure,Village,NA
2015-06-08 15:23:30,0,Water,Village,20
2015-06-08 15:32:20,0,Agriculture,District,NA
2015-06-08 17:07:24,0,Governance,National,3
2015-06-08 17:43:20,0,Community Development,District,11
2015-06-08 17:43:25,0,Education,District,11
2015-06-08 20:01:58,1,Water,Village,28
2015-06-08 20:25:16,0,Health,Village,15
2015-06-09 10:56:05,0,Education,District,22
2015-06-09 16:03:56,0,Health,District,NA
2015-06-09 21:23:24,0,Governance,District,57
2015-06-09 21:23:27,0,Governance,District,57
2015-06-09 22:29:12,0,Water,Village,NA
2015-06-09 22:29:18,0,Water,Village,NA
2015-06-09 22:29:23,0,Water,Village,NA
2015-06-09 22:29:41,0,Water,Village,NA
2015-06-10 13:31:45,0,Governance,District,71
2015-06-10 14:29:54,0,Infrastructure,Village,61
2015-06-10 14:54:35,0,Water,Village,NA
2015-06-10 20:20:21,1,Education,Village,71
2015-06-10 20:26:35,1,Community Development,District,68
2015-06-11 10:26:46,1,Water,Village,NA
2015-06-11 14:38:30,0,Governance,Village,53
2015-06-11 14:39:59,0,Governance,District,53
2015-06-11 15:36:59,0,Governance,National,56
2015-06-11 18:55:09,1,Governance,District,NA
2015-06-11 18:57:26,0,Agriculture,District,40
2015-06-11 20:26:19,0,Economy,Constituent Service,44
2015-06-11 20:57:54,1,Education,District,55
2015-06-11 21:52:21,0,Economy,District,19
2015-06-11 21:56:28,0,Governance,District,19
2015-06-12 00:50:18,0,Governance,Private,NA
2015-06-12 06:16:01,1,Health,Village,NA
2015-06-12 06:40:13,1,Health,Village,NA
2015-06-12 06:40:23,1,Health,Village,NA
2015-06-12 09:16:46,0,Economy,National,81
2015-06-12 17:13:08,0,Economy,National,81
2015-06-12 21:53:52,0,Governance,District,39
2015-06-13 21:40:55,0,Economy,National,45
2015-06-13 21:40:56,0,Community Development,National,45
2015-06-13 21:44:02,0,Community Development,National,45
2015-06-14 17:07:05,0,Economy,Constituent Service,81
2015-06-14 17:07:12,0,Economy,Constituent Service,81
2015-06-14 21:06:09,1,Agriculture,Village,NA
2015-06-14 21:06:14,0,Governance,District,NA
2015-06-14 22:19:56,1,Community Development,District,68
2015-06-15 10:03:10,1,Health,Village,NA
2015-06-15 10:03:37,1,Health,Village,NA
2015-06-15 10:04:00,1,Health,Village,NA
2015-06-15 11:46:23,1,Water,Village,79
2015-06-15 11:48:38,1,Water,Village,79
2015-06-15 11:49:12,1,Water,Village,79
2015-06-15 19:04:49,0,Education,Village,39
2015-06-16 14:19:27,0,Governance,National,68
2015-06-16 14:24:42,1,Water,Village,29
2015-06-16 14:43:36,0,Governance,District,56
2015-06-16 17:41:46,0,Governance,District,NA
2015-06-16 20:08:07,1,Health,Village,29
2015-06-16 21:18:53,0,Economy,Constituent Service,81
2015-06-17 16:18:40,0,Economy,District,82
2015-06-17 16:28:29,0,Community Development,Village,82
2015-06-17 21:00:12,1,Water,Village,41
2015-06-18 13:00:47,0,Health,Village,29
2015-06-18 13:19:17,1,Water,Village,29
2015-06-18 16:43:57,0,Governance,Private,57
2015-06-18 16:57:32,0,Education,District,16
2015-06-18 17:03:02,1,Health,Village,34
2015-06-18 17:44:16,0,Governance,National,55
2015-06-18 17:44:24,0,Water,Village,29
2015-06-18 18:19:33,0,Economy,District,13
2015-06-18 18:53:45,0,Governance,District,39
2015-06-18 21:35:43,0,Governance,District,60
2015-06-18 22:23:44,1,Health,Village,68
2015-06-19 15:54:09,0,Infrastructure,Village,56
2015-06-19 16:18:08,0,Community Development,Constituent Service,56
2015-06-19 16:41:59,0,Infrastructure,Village,56
2015-06-19 20:48:08,0,Water,Village,29
2015-06-20 12:27:26,1,Health,Village,NA
2015-06-20 23:24:20,1,Education,Village,42
2015-06-21 10:58:41,1,Governance,District,55
2015-06-21 11:01:58,1,Governance,District,55
2015-06-21 11:15:19,0,Health,Private,NA
2015-06-21 11:19:37,0,Health,Private,NA
2015-06-21 11:23:24,0,Health,Constituent Service,NA
2015-06-21 11:30:09,0,Economy,National,20
2015-06-21 11:35:07,0,Economy,National,20
2015-06-21 12:18:45,0,Health,Constituent Service,NA
2015-06-22 11:52:52,0,Health,Private,NA
2015-06-23 09:55:30,0,Economy,District,84
2015-06-24 12:13:30,0,Governance,Private,NA
2015-06-24 12:19:33,0,Governance,Village,57
2015-06-24 12:22:23,0,Governance,District,6
2015-06-24 12:28:39,0,Community Development,Village,66
2015-06-24 12:36:32,0,Economy,District,6
2015-06-24 13:04:15,0,Governance,District,80
2015-06-25 03:07:49,0,Water,District,41
2015-06-25 09:50:17,1,Infrastructure,Village,78
2015-06-25 10:37:38,0,Community Development,District,13
2015-06-25 12:31:07,0,Governance,District,12
2015-06-25 12:31:41,0,Governance,District,12
2015-06-25 12:42:09,0,Water,District,41
2015-06-25 13:41:48,1,Governance,District,55
2015-06-25 13:42:38,1,Governance,District,55
2015-06-25 14:20:09,0,Health,Constituent Service,NA
2015-06-25 17:25:24,0,Health,Constituent Service,NA
2015-06-25 17:26:16,0,Health,Constituent Service,NA
2015-06-25 17:28:22,0,Health,Constituent Service,NA
2015-06-25 18:26:30,0,Agriculture,District,31
2015-06-26 08:24:17,1,Governance,Village,NA
2015-06-26 08:37:08,0,Health,Constituent Service,NA
2015-06-26 15:56:13,1,Agriculture,Village,NA
2015-06-26 16:53:49,0,Health,Constituent Service,NA
2015-06-26 18:25:26,0,Health,Constituent Service,NA
2015-06-26 20:28:29,1,Governance,District,55
2015-06-26 20:42:15,0,Water,Village,NA
2015-06-27 09:49:54,0,Economy,National,81
2015-06-27 19:52:50,0,Governance,National,46
2015-06-27 20:42:48,0,Economy,District,79
2015-06-29 08:27:55,1,Governance,Village,77
2015-06-29 14:37:03,1,Economy,District,48
2015-06-30 02:50:57,0,Health,Village,79
2015-06-30 02:51:21,0,Health,Village,79
2015-06-30 10:24:56,1,Health,Village,61
2015-06-30 10:33:39,1,Health,Village,61
2015-06-30 10:33:51,1,Water,Village,NA
2015-06-30 10:43:25,1,Water,Village,NA
2015-06-30 11:26:37,1,Education,District,NA
2015-06-30 21:08:18,0,Water,Village,NA
2015-06-30 23:05:33,0,Water,Village,NA
2015-07-01 13:05:35,0,Governance,Village,57
2015-07-01 13:06:10,0,Governance,Village,57
2015-07-01 16:12:35,0,Economy,District,55
2015-07-02 11:24:30,0,Infrastructure,District,84
2015-07-02 11:58:12,1,Governance,District,NA
2015-07-02 11:58:16,1,Economy,District,NA
2015-07-02 18:08:13,1,Economy,District,55
2015-07-02 18:26:02,1,Economy,Private,55
2015-07-02 21:25:44,1,Infrastructure,Village,55
2015-07-03 02:15:32,0,Water,Village,79
2015-07-03 02:15:38,0,Water,Village,79
2015-07-03 12:19:09,0,Health,Village,NA
2015-07-03 17:18:09,1,Education,Village,NA
2015-07-03 19:15:31,1,Health,Village,NA
2015-07-03 21:07:30,0,Governance,Constituent Service,NA
2015-07-04 07:28:21,1,Education,Village,10
2015-07-04 18:48:14,0,Governance,District,NA
2015-07-04 21:28:58,0,Water,Village,NA
2015-07-04 21:49:19,1,Water,Village,29
2015-07-06 16:57:58,0,Education,District,NA
2015-07-06 18:42:30,1,Health,Village,NA
2015-07-07 07:36:14,1,Governance,District,55
2015-07-07 07:37:45,1,Governance,District,55
2015-07-07 07:40:09,1,Education,Village,55
2015-07-07 11:01:06,1,Education,Village,72
2015-07-07 15:26:19,0,Community Development,District,55
2015-07-07 19:22:12,0,Education,District,57
2015-07-09 13:00:56,0,Education,Village,68
2015-07-09 14:23:24,1,Community Development,Village,NA
2015-07-09 20:51:32,1,Governance,Village,NA
2015-07-10 07:52:39,0,Education,Village,55
2015-07-10 15:05:45,1,Infrastructure,Village,57
2015-07-10 18:42:40,0,Economy,District,79
2015-07-10 23:06:27,0,Community Development,Village,10
2015-07-11 11:25:25,0,Governance,Village,57
2015-07-11 21:49:41,1,Health,Village,57
2015-07-12 08:49:32,1,Education,Village,31
2015-07-12 09:53:00,0,Infrastructure,Village,NA
2015-07-12 10:41:02,0,Infrastructure,Village,20
2015-07-12 10:48:40,1,Infrastructure,Village,NA
2015-07-12 10:57:13,1,Infrastructure,Village,NA
2015-07-12 11:21:54,0,Governance,District,20
2015-07-12 21:44:21,0,Community Development,District,57
2015-07-12 21:45:24,0,Community Development,District,57
2015-07-13 20:48:54,0,Education,District,NA
2015-07-13 21:32:19,0,Governance,Village,55
2015-07-13 21:33:42,0,Governance,Village,55
2015-07-14 11:58:16,1,Health,Village,79
2015-07-14 13:25:18,0,Governance,District,18
2015-07-14 13:39:07,0,Economy,District,10
2015-07-14 14:35:18,0,Economy,Constituent Service,27
2015-07-14 15:14:13,1,Community Development,Village,31
2015-07-14 15:29:13,0,Education,District,55
2015-07-14 15:34:13,0,Governance,District,55
2015-07-14 17:46:10,0,Economy,District,2
2015-07-14 22:08:38,0,Community Development,Private,76
2015-07-15 00:49:07,0,Water,Village,NA
2015-07-15 10:49:09,0,Agriculture,Village,82
2015-07-15 10:49:25,0,Governance,District,46
2015-07-15 10:51:56,0,Agriculture,Constituent Service,54
2015-07-15 10:52:58,0,Governance,District,57
2015-07-15 10:54:48,0,Governance,District,NA
2015-07-15 10:55:04,1,Agriculture,District,82
2015-07-15 10:59:30,0,Agriculture,Private,NA
2015-07-15 11:37:12,0,Agriculture,National,81
2015-07-15 11:58:35,0,Agriculture,District,81
2015-07-15 14:00:15,1,Health,District,21
2015-07-15 14:59:37,0,Agriculture,District,68
2015-07-15 15:02:15,0,Economy,Constituent Service,NA
2015-07-15 15:08:31,0,Agriculture,Constituent Service,68
2015-07-15 15:08:59,0,Economy,Constituent Service,NA
2015-07-15 17:22:18,0,Agriculture,District,40
2015-07-15 18:15:12,1,Governance,District,NA
2015-07-15 19:28:32,0,Governance,District,18
2015-07-15 19:37:03,0,Infrastructure,Village,57
2015-07-16 13:34:13,0,Agriculture,District,68
2015-07-16 14:59:38,0,Infrastructure,Village,57
2015-07-16 17:39:48,0,Agriculture,District,NA
2015-07-16 21:39:14,0,Education,District,10
2015-07-17 08:24:25,0,Agriculture,National,70
2015-07-17 15:14:08,1,Infrastructure,District,57
2015-07-17 16:30:54,0,Governance,District,68
2015-07-18 08:19:46,1,Infrastructure,Village,19
2015-07-18 08:26:39,0,Water,Village,79
2015-07-18 08:41:22,0,Economy,District,16
2015-07-18 08:43:23,1,Water,Village,14
2015-07-18 08:45:04,0,Health,Village,34
2015-07-18 08:52:13,0,Water,Village,79
2015-07-18 08:52:18,0,Education,Village,79
2015-07-18 08:52:32,0,Water,Village,79
2015-07-18 08:52:56,0,Education,Village,79
2015-07-18 09:29:57,0,Water,Village,31
2015-07-18 09:31:45,1,Infrastructure,Village,20
2015-07-18 10:37:32,1,Education,Village,31
2015-07-18 11:45:59,0,Infrastructure,Village,NA
2015-07-18 13:11:57,1,Education,Village,29
2015-07-18 13:12:00,0,Education,Village,29
2015-07-18 13:12:04,0,Education,Village,29
2015-07-18 13:37:22,0,Agriculture,District,56
2015-07-18 14:38:13,1,Economy,Village,41
2015-07-18 15:45:36,0,Health,District,75
2015-07-18 15:54:44,1,Infrastructure,Village,4
2015-07-18 19:44:24,0,Agriculture,National,76
2015-07-19 15:00:36,0,Agriculture,District,81
2015-07-19 19:50:56,0,Governance,District,57
2015-07-19 21:01:08,0,Governance,District,57
2015-07-19 21:51:17,1,Agriculture,Village,75
2015-07-20 17:49:21,0,Agriculture,District,75
2015-07-22 06:54:07,0,Health,District,19
2015-07-22 12:28:29,0,Agriculture,District,37
2015-07-22 12:34:32,0,Education,District,75
2015-07-22 12:40:43,0,Education,District,20
2015-07-22 13:42:55,0,Education,District,46
2015-07-22 13:55:31,0,Education,National,3
2015-07-22 21:14:21,1,Education,Village,NA
2015-07-22 22:35:59,0,Education,District,56
2015-07-23 09:03:09,0,Education,District,NA
2015-07-23 11:37:33,0,Agriculture,Private,24
2015-07-23 12:40:51,0,Governance,District,17
2015-07-23 13:59:28,0,Education,Village,81
2015-07-24 09:38:42,1,Education,Village,NA
2015-07-24 09:53:20,0,Education,District,NA
2015-07-24 11:49:45,0,Education,District,20
2015-07-24 12:14:27,0,Health,Village,20
2015-07-24 14:25:00,0,Governance,District,49
2015-07-24 15:58:03,0,Education,District,40
2015-07-24 16:17:19,0,Governance,National,80
2015-07-24 16:50:03,1,Education,Village,28
2015-07-24 23:05:39,0,Economy,Private,30
2015-07-25 15:19:57,0,Governance,District,68
2015-07-26 11:46:28,1,Agriculture,District,75
2015-07-26 19:36:28,1,Education,Village,NA
2015-07-27 09:31:33,1,Governance,District,NA
2015-07-28 13:23:04,0,Agriculture,Village,41
2015-07-28 13:36:52,0,Governance,District,41
2015-07-28 13:37:34,0,Governance,District,41
2015-07-28 21:35:20,0,Community Development,Village,29
2015-07-29 10:21:42,0,Community Development,Village,29
2015-07-29 12:39:03,0,Health,District,75
2015-07-29 19:25:18,0,Health,District,NA
2015-07-30 14:37:54,0,Health,District,NA
2015-08-01 07:09:43,0,Economy,District,54
2015-08-01 14:06:03,0,Governance,District,41
2015-08-01 22:24:00,0,Health,Constituent Service,13
2015-08-04 19:15:35,0,Governance,District,55
2015-08-04 19:16:29,1,Governance,District,55
2015-08-04 19:16:56,1,Governance,District,55
2015-08-04 19:19:04,0,Governance,District,55
2015-08-04 19:31:11,0,Community Development,Constituent Service,29
2015-08-04 21:55:11,1,Water,Village,NA
2015-08-07 10:10:14,1,Health,Village,85
2015-08-07 14:37:44,0,Community Development,Private,68
2015-08-07 16:43:49,1,Health,Village,NA
2015-08-07 17:41:33,1,Health,Village,NA
2015-08-07 21:43:51,0,Health,Village,17
2015-08-07 23:11:42,1,Infrastructure,Village,81
2015-08-08 18:48:17,1,Health,Village,55
2015-08-09 19:35:02,1,Governance,District,NA
2015-08-09 19:53:21,0,Community Development,Village,NA
2015-08-10 11:33:28,0,Health,Village,79
2015-08-10 11:34:12,0,Health,Village,79
2015-08-10 21:50:29,1,Education,Village,85
2015-08-10 22:40:00,0,Health,District,2
2015-08-10 22:40:03,0,Health,District,2
2015-08-10 22:54:48,1,Water,Village,13
2015-08-10 22:54:51,0,Water,Village,13
2015-08-11 09:42:29,0,Governance,Village,78
2015-08-11 12:07:22,0,Water,District,29
2015-08-11 19:42:36,0,Governance,District,40
2015-08-11 22:45:47,0,Health,Village,85
2015-08-12 12:39:11,1,Health,Village,85
2015-08-12 13:39:50,0,Health,Village,85
2015-08-12 19:44:08,1,Health,Village,NA
2015-08-12 19:49:30,1,Water,Village,NA
2015-08-12 20:54:49,0,Infrastructure,Constituent Service,11
2015-08-12 21:46:37,0,Health,Village,15
2015-08-13 08:40:53,0,Water,Constituent Service,79
2015-08-13 08:41:09,0,Water,Constituent Service,79
2015-08-13 11:40:42,0,Water,Village,31
2015-08-13 12:31:23,0,Health,Village,52
2015-08-13 15:06:19,1,Governance,District,55
2015-08-13 17:13:21,1,Health,Village,11
2015-08-14 10:29:57,0,Water,Village,41
2015-08-14 10:32:15,0,Water,Village,NA
2015-08-14 10:38:02,1,Infrastructure,District,77
2015-08-14 10:42:26,0,Water,Village,17
2015-08-14 16:11:48,0,Governance,District,59
2015-08-14 17:22:43,1,Water,Village,11
2015-08-14 21:17:32,0,Health,District,39
2015-08-14 21:17:34,0,Health,District,39
2015-08-15 19:14:41,0,Water,Village,20
2015-08-15 19:59:30,0,Governance,District,75
2015-08-15 20:40:41,0,Education,Village,29
2015-08-15 22:06:12,1,Water,Village,NA
2015-08-16 10:40:45,0,Community Development,Village,20
2015-08-16 21:34:31,1,Governance,District,55
2015-08-16 21:52:11,1,Governance,District,55
2015-08-17 08:44:24,1,Governance,Village,81
2015-08-17 11:38:53,1,Health,District,NA
2015-08-17 11:38:54,0,Economy,District,NA
2015-08-17 11:44:25,0,Health,District,NA
2015-08-17 12:05:56,1,Water,Village,NA
2015-08-17 12:09:26,0,Water,Village,13
2015-08-17 13:54:01,0,Water,District,NA
2015-08-17 19:14:41,0,Water,Village,31
2015-08-18 09:06:14,0,Education,Village,NA
2015-08-18 09:08:18,0,Education,Village,NA
2015-08-18 15:36:42,0,Water,District,56
2015-08-18 17:02:20,0,Health,District,39
2015-08-18 17:02:24,1,Health,Village,39
2015-08-18 17:45:37,1,Water,Village,NA
2015-08-18 19:54:23,0,Education,Village,NA
2015-08-18 21:35:06,0,Agriculture,Private,40
2015-08-18 23:39:07,1,Infrastructure,Village,NA
2015-08-19 10:45:04,0,Agriculture,Private,40
2015-08-19 18:16:59,1,Water,Village,31
2015-08-20 20:45:03,0,Agriculture,Private,40
2015-08-23 17:32:19,1,Health,National,75
2015-08-24 15:13:27,0,Economy,District,43
2015-08-24 15:31:21,0,Water,Village,29
2015-08-24 15:43:32,1,Health,Village,71
2015-08-24 15:54:47,1,Health,Village,82
2015-08-24 16:00:21,0,Education,District,18
2015-08-24 16:06:10,0,Governance,National,14
2015-08-24 16:06:13,0,Governance,National,14
2015-08-24 16:51:55,0,Health,Constituent Service,1
2015-08-24 20:38:17,1,Education,District,NA
2015-08-25 00:45:14,0,Health,Village,NA
2015-08-25 02:45:24,1,Education,Village,36
2015-08-25 02:55:53,1,Education,Village,36
2015-08-25 06:24:40,0,Water,Village,45
2015-08-25 20:10:24,1,Community Development,Village,NA
2015-08-26 14:38:26,0,Economy,Constituent Service,20
2015-08-27 07:43:22,1,Water,Village,82
2015-08-27 07:56:30,0,Health,District,82
2015-08-27 09:45:56,1,Health,Village,85
2015-08-27 09:54:23,1,Health,Village,46
2015-08-27 10:06:29,0,Health,District,14
2015-08-27 10:10:33,1,Health,Village,14
2015-08-27 10:26:36,1,Education,Village,36
2015-08-27 10:31:00,0,Infrastructure,District,NA
2015-08-27 10:31:05,1,Infrastructure,Village,NA
2015-08-27 15:06:03,1,Education,Village,55
2015-08-27 15:16:27,0,Water,Village,13
2015-08-27 18:26:35,1,Infrastructure,Village,NA
2015-08-27 19:34:11,0,Education,District,NA
2015-08-27 19:49:47,1,Governance,District,2
2015-08-28 15:14:51,0,Governance,National,NA
2015-08-28 15:16:14,0,Governance,District,NA
2015-08-28 15:21:21,1,Health,Village,61
2015-08-28 19:23:15,0,Governance,District,46
2015-08-28 19:38:02,1,Health,District,14
2015-08-28 21:51:31,0,Governance,Village,20
2015-08-28 21:53:53,0,Water,Village,31
2015-08-29 10:50:38,0,Education,District,70
2015-08-29 15:06:33,1,Health,Village,82
2015-08-30 07:34:43,1,Health,Village,NA
2015-08-30 22:39:57,0,Governance,National,NA
2015-08-30 22:40:14,0,Governance,National,NA
2015-08-30 22:49:04,1,Governance,National,NA
2015-08-31 11:43:29,1,Governance,National,NA
2015-08-31 11:46:07,0,Governance,National,NA
2015-08-31 11:46:26,1,Governance,National,NA
2015-08-31 11:50:09,0,Health,Village,79
2015-09-02 06:30:07,0,Health,Village,72
2015-09-02 07:44:02,0,Education,District,NA
2015-09-03 05:54:57,0,Governance,District,55
2015-09-03 13:26:46,0,Community Development,Private,68
2015-09-03 22:56:54,1,Water,Village,29
2015-09-04 04:07:07,1,Water,Village,29
2015-09-04 12:56:24,0,Infrastructure,District,81
2015-09-04 12:56:31,0,Community Development,District,81
2015-09-05 06:03:46,0,Governance,District,79
2015-09-10 04:40:08,1,Water,Village,76
2015-09-10 09:28:42,0,Education,District,40
2015-09-10 09:28:50,0,Education,District,40
2015-09-10 11:54:14,1,Infrastructure,Village,73
2015-09-10 12:17:05,0,Governance,District,55
2015-09-10 12:21:18,0,Governance,District,55
2015-09-10 14:20:24,0,Education,District,40
2015-09-10 18:45:14,0,Education,District,40
2015-09-10 18:45:20,0,Education,District,40
2015-09-10 18:45:25,0,Education,District,40
2015-09-10 21:24:20,0,Education,Private,NA
2015-09-10 22:19:23,0,Education,Private,NA
2015-09-14 16:13:01,1,Education,Village,36
2015-09-15 13:14:05,0,Governance,District,NA
2015-09-15 18:02:28,1,Water,Village,NA
2015-09-15 18:03:17,1,Education,District,55
2015-09-20 13:15:00,0,Water,Village,NA
2015-09-21 15:13:59,1,Health,Village,61
2015-09-23 16:29:39,1,Water,District,NA
2015-09-23 16:30:47,1,Infrastructure,Village,NA
2015-09-23 19:17:59,1,Infrastructure,District,NA
2015-09-24 13:46:20,0,Infrastructure,Village,NA
2015-09-24 21:03:04,0,Infrastructure,District,85
2015-09-25 17:13:55,0,Governance,District,NA
2015-09-25 18:34:52,0,Economy,Private,13
2015-09-26 13:35:17,0,Health,Village,NA
2015-09-26 16:00:10,0,Infrastructure,District,NA
2015-09-26 16:41:26,1,Education,Village,39
2015-09-27 09:26:56,0,Infrastructure,District,18
2015-09-27 10:31:40,1,Infrastructure,Village,NA
2015-09-27 11:16:19,1,Infrastructure,Village,28
2015-09-27 14:50:49,0,Water,Village,21
2015-09-27 15:35:12,0,Infrastructure,District,NA
2015-09-27 16:24:57,1,Water,Village,NA
2015-09-27 20:48:18,0,Water,District,NA
2015-09-27 20:48:53,0,Water,District,NA
2015-09-28 10:07:52,0,Health,Village,NA
2015-09-28 11:07:04,1,Water,Village,38
2015-09-28 15:04:11,1,Health,Village,NA
2015-09-29 08:38:19,1,Education,Village,31
2015-09-29 08:38:21,0,Education,District,31
2015-09-29 16:14:57,0,Infrastructure,Village,NA
2015-09-29 18:04:38,0,Health,District,52
2015-09-29 20:01:52,0,Health,Village,NA
2015-09-29 20:08:11,1,Health,Village,NA
2015-09-30 06:38:42,0,Education,Village,31
2015-09-30 06:38:43,0,Education,District,31
2015-09-30 13:05:03,1,Infrastructure,Village,NA
2015-09-30 13:25:58,0,Agriculture,Village,62
2015-09-30 13:43:29,1,Water,Village,80
2015-10-01 16:19:37,0,Economy,Constituent Service,79
2015-10-01 16:51:13,0,Governance,District,56
2015-10-01 17:09:14,0,Agriculture,Private,13
2015-10-01 20:52:56,1,Agriculture,Village,62
2015-10-02 01:49:33,1,Agriculture,Village,80
2015-10-02 08:23:12,1,Water,Village,21
2015-10-02 11:44:03,1,Agriculture,Village,21
2015-10-02 11:45:35,1,Agriculture,Village,21
2015-10-02 12:31:18,0,Education,District,18
2015-10-02 13:25:55,1,Economy,Village,6
2015-10-02 13:25:56,0,Governance,District,6
2015-10-02 15:05:55,0,Governance,District,79
2015-10-02 16:23:06,0,Community Development,Constituent Service,56
2015-10-02 17:03:11,0,Agriculture,Constituent Service,NA
2015-10-03 13:26:14,1,Water,Village,28
2015-10-03 13:41:43,0,Infrastructure,District,20
2015-10-04 08:41:46,1,Agriculture,Village,NA
2015-10-04 16:09:42,1,Health,Village,34
2015-10-04 17:02:00,0,Health,Constituent Service,NA
2015-10-04 18:35:47,0,Agriculture,District,NA
2015-10-05 13:27:33,1,Health,Village,80
2015-10-06 01:17:46,1,Agriculture,Private,81
2015-10-06 01:20:08,1,Agriculture,Private,81
2015-10-06 14:49:34,0,Governance,Constituent Service,79
2015-10-06 17:24:20,1,Health,Village,34
2015-10-07 09:32:41,0,Health,Village,NA
2015-10-07 11:21:03,0,Governance,Constituent Service,79
2015-10-07 14:03:45,0,Governance,Constituent Service,79
2015-10-07 14:10:10,0,Agriculture,Constituent Service,79
2015-10-07 20:11:39,1,Economy,District,NA
2015-10-08 07:10:53,1,Education,District,NA
2015-10-08 11:49:10,0,Health,Village,NA
2015-10-08 11:57:24,0,Governance,District,NA
2015-10-08 15:10:25,0,Agriculture,Constituent Service,NA
2015-10-08 15:13:49,0,Agriculture,Constituent Service,79
2015-10-08 15:23:30,0,Community Development,District,73
2015-10-08 15:32:47,0,Governance,Village,79
2015-10-08 16:11:59,0,Agriculture,Constituent Service,NA
2015-10-08 18:13:44,0,Governance,Village,80
2015-10-08 18:14:19,0,Governance,Village,80
2015-10-08 19:53:24,0,Agriculture,District,NA
2015-10-09 17:47:54,1,Education,Village,80
2015-10-09 17:49:02,0,Governance,National,81
2015-10-09 17:49:09,1,Education,District,80
2015-10-09 19:30:28,0,Agriculture,Constituent Service,31
2015-10-10 08:39:31,0,Infrastructure,District,81
2015-10-10 21:43:16,0,Governance,District,NA
2015-10-11 06:35:54,1,Education,District,53
2015-10-11 06:36:02,0,Education,District,53
2015-10-11 06:36:19,1,Education,District,53
2015-10-11 06:36:25,0,Education,District,53
2015-10-12 09:18:34,1,Health,Village,34
2015-10-13 15:19:30,0,Agriculture,District,28
2015-10-13 19:04:52,1,Infrastructure,Village,NA
2015-10-13 20:01:37,0,Governance,National,39
2015-10-15 19:49:54,0,Agriculture,District,57
2015-10-15 23:16:56,0,Education,District,81
2015-10-16 01:41:40,0,Education,District,23
2015-10-16 01:46:44,0,Community Development,District,23
2015-10-16 02:13:21,0,Education,District,53
2015-10-16 02:29:19,1,Governance,District,NA
2015-10-16 07:30:47,0,Infrastructure,District,20
2015-10-16 14:54:52,0,Agriculture,District,40
2015-10-16 14:55:29,0,Agriculture,District,40
2015-10-16 16:50:38,1,Education,Village,55
2015-10-17 16:32:07,0,Governance,Constituent Service,82
2015-10-17 17:39:29,1,Community Development,National,NA
2015-10-17 19:52:23,1,Governance,District,NA
2015-10-17 20:18:14,0,Agriculture,Village,71
2015-10-18 07:30:52,1,Water,Village,31
2015-10-18 17:37:03,0,Health,Constituent Service,NA
2015-10-19 22:27:44,0,Health,Village,45
2015-10-19 22:32:33,0,Health,Village,45
2015-10-20 09:33:07,1,Education,District,31
2015-10-20 09:40:13,1,Education,District,31
2015-10-20 09:42:54,0,Agriculture,District,40
2015-10-20 09:42:57,0,Agriculture,District,40
2015-10-20 11:40:42,1,Water,Village,31
2015-10-20 12:40:42,1,Governance,District,NA
2015-10-20 19:48:41,1,Health,Village,34
2015-10-21 13:57:12,1,Water,Village,31
2015-10-21 18:50:09,1,Education,District,NA
2015-10-21 21:32:32,1,Agriculture,Village,68
2015-10-23 10:04:55,1,Health,Village,NA
2015-10-23 11:25:49,1,Health,Village,39
2015-10-23 11:29:29,1,Health,Village,39
2015-10-23 11:29:37,0,Community Development,Village,39
2015-10-23 11:30:12,1,Governance,Village,39
2015-10-23 12:01:02,1,Health,Village,39
2015-10-23 17:50:58,0,Governance,Village,NA
2015-10-23 17:51:00,0,Governance,Village,NA
2015-10-23 20:12:05,0,Governance,District,NA
2015-10-24 12:08:26,1,Education,District,28
2015-10-24 17:12:52,1,Health,District,2
2015-10-24 17:13:08,1,Health,District,2
2015-10-24 18:21:55,0,Agriculture,District,40
2015-10-24 18:21:58,0,Agriculture,District,40
2015-10-26 08:18:49,0,Agriculture,District,40
2015-10-26 08:18:55,0,Agriculture,District,40
2015-10-26 21:12:46,1,Health,Village,78
2015-10-27 08:06:56,1,Agriculture,Village,NA
2015-10-27 12:04:08,0,Health,Constituent Service,NA
2015-10-27 15:59:45,0,Infrastructure,District,31
2015-10-27 17:12:17,0,Economy,Village,69
2015-10-27 17:40:55,1,Health,Village,NA
2015-10-27 17:55:16,0,Health,District,NA
2015-10-27 19:18:15,0,Governance,Village,NA
2015-10-28 12:43:35,0,Governance,District,NA
2015-10-28 22:45:18,0,Health,District,NA
2015-10-29 08:46:36,1,Education,Private,80
2015-10-29 12:31:36,0,Community Development,Village,82
2015-10-29 18:22:58,1,Health,Village,NA
2015-11-01 21:09:35,0,Agriculture,District,40
2015-11-01 21:09:42,0,Agriculture,District,40
2015-11-02 06:15:33,0,Education,Village,18
2015-11-02 06:56:53,1,Education,District,NA
2015-11-02 06:58:35,1,Education,District,NA
2015-11-02 07:15:00,0,Economy,District,NA
2015-11-02 11:10:36,1,Infrastructure,Village,37
2015-11-02 12:40:21,1,Community Development,Village,NA
2015-11-02 12:40:24,1,Community Development,Village,NA
2015-11-02 14:52:04,1,Education,Private,NA
2015-11-02 14:52:18,1,Health,Village,39
2015-11-03 11:47:06,1,Infrastructure,Village,NA
2015-11-03 17:28:05,1,Health,Village,NA
2015-11-04 09:13:51,1,Health,Village,8
2015-11-04 13:23:28,0,Governance,National,81
2015-11-04 19:35:02,0,Health,Village,NA
2015-11-05 04:07:27,1,Infrastructure,Village,73
2015-11-06 09:08:37,0,Agriculture,Village,NA
2015-11-06 14:13:00,0,Community Development,Village,NA
2015-11-06 18:38:28,0,Governance,Village,55
2015-11-07 16:08:22,0,Education,District,NA
2015-11-08 11:19:54,0,Governance,Village,NA
2015-11-08 11:58:08,1,Health,Village,21
2015-11-08 12:00:25,1,Governance,Village,NA
2015-11-08 12:18:26,0,Governance,District,NA
2015-11-08 12:29:11,1,Infrastructure,Village,21
2015-11-08 15:41:49,1,Water,Village,NA
2015-11-09 12:06:49,1,Health,Village,82
2015-11-09 13:35:21,0,Governance,National,62
2015-11-09 13:42:47,0,Governance,District,62
2015-11-09 17:19:19,0,Health,District,82
2015-11-10 07:29:52,1,Education,Village,21
2015-11-10 08:34:06,0,Water,District,62
2015-11-10 17:44:43,1,Health,Village,NA
2015-11-11 21:23:30,1,Water,Village,NA
2015-11-13 04:13:49,0,Health,Village,41
2015-11-13 05:14:06,1,Health,Village,NA
2015-11-13 16:12:16,1,Water,National,53
2015-11-13 16:12:23,1,Water,Village,53
2015-11-13 16:13:07,0,Water,National,53
2015-11-13 16:13:36,1,Water,Village,53
2015-11-13 16:37:11,0,Water,Village,NA
2015-11-13 16:43:55,0,Water,National,53
2015-11-13 16:44:07,1,Water,Village,53
2015-11-13 16:47:26,1,Health,Village,82
2015-11-13 17:03:40,1,Agriculture,District,40
2015-11-13 17:03:59,0,Agriculture,District,40
2015-11-13 17:38:26,0,Governance,Village,45
2015-11-13 18:33:50,0,Economy,Village,NA
2015-11-13 19:27:54,1,Governance,District,NA
2015-11-13 19:28:37,1,Education,Village,NA
2015-11-13 19:37:14,1,Health,Village,80
2015-11-15 19:15:56,0,Education,Constituent Service,64
2015-11-17 04:55:58,0,Health,District,NA
2015-11-17 10:20:19,0,Governance,District,82
2015-11-17 23:05:25,1,Health,Village,NA
2015-11-18 05:07:53,1,Health,Village,80
2015-11-20 21:22:55,0,Education,Constituent Service,79
2015-11-24 08:39:32,1,Governance,Village,32
2015-11-24 08:39:34,1,Governance,Village,32
2015-11-24 12:41:18,1,Water,District,53
2015-11-25 10:02:56,0,Education,District,21
2015-11-25 11:01:18,0,Economy,District,21
2015-11-25 20:16:34,0,Governance,National,39
2015-11-25 21:25:07,0,Education,District,21
2015-11-25 23:49:53,1,Education,Village,29
2015-11-25 23:49:58,1,Education,Village,29
2015-11-25 23:50:01,1,Education,Village,29
2015-11-26 00:51:43,0,Governance,Village,NA
2015-11-26 09:39:05,0,Governance,District,39
2015-11-26 09:39:10,0,Governance,District,39
2015-11-26 09:39:14,0,Governance,District,39
2015-11-26 09:39:19,0,Governance,District,39
2015-11-27 20:22:33,1,Infrastructure,District,39
2015-11-28 08:25:27,1,Health,District,82
2015-11-28 09:17:48,0,Health,District,71
2015-11-28 09:21:24,1,Infrastructure,Village,NA
2015-11-28 10:39:39,1,Health,Village,NA
2015-11-28 10:49:04,0,Infrastructure,Village,19
2015-11-28 10:52:20,0,Health,Village,19
2015-11-28 10:52:44,0,Education,District,57
2015-11-28 11:20:56,0,Education,District,22
2015-11-28 11:27:58,0,Agriculture,Constituent Service,22
2015-11-29 04:30:17,1,Governance,Village,80
2015-11-29 08:04:45,1,Health,Village,NA
2015-11-29 09:51:31,0,Agriculture,Constituent Service,43
2015-11-29 10:02:32,0,Agriculture,Constituent Service,43
2015-11-29 10:35:56,0,Education,District,43
