﻿Package,Version,Priority,Depends,Imports,Built
abind,1.4-5,,R (>= 1.5.0),"methods, utils",3.5.2
askpass,1.1,,,sys (>= 2.1),3.5.3
assertthat,0.2.1,,,tools,3.5.3
backports,1.1.4,,R (>= 3.0.0),utils,3.5.3
base64enc,0.1-3,,R (>= 2.9.0),,3.5.2
bayesplot,1.7.0,,R (>= 3.1.0),"dplyr (>= 0.8.0), ggplot2 (>= 2.2.1), ggridges, glue,
reshape2, rlang (>= 0.3.0), stats, tibble, tidyselect, utils",3.5.3
BH,1.69.0-1,,,,3.5.2
bitops,1.0-6,,,,3.5.2
callr,3.2.0,,,"processx (>= 3.3.0), R6, utils",3.5.3
car,3.0-2,,"R (>= 3.2.0), carData (>= 3.0-0)","abind, MASS, mgcv, nnet, pbkrtest (>= 0.4-4), quantreg,
grDevices, utils, stats, graphics, maptools, rio, lme4, nlme",3.5.3
carData,3.0-2,,R (>= 3.0),,3.5.2
cellranger,1.1.0,,R (>= 3.0.0),"rematch, tibble",3.5.3
cem,1.1.19,,"tcltk, lattice","MatchIt, combinat, randomForest, nlme",3.5.3
checkmate,1.9.3,,R (>= 3.0.0),"backports (>= 1.1.0), utils",3.5.3
cli,1.1.0,,R (>= 2.10),"assertthat, crayon (>= 1.3.4), methods, utils",3.5.3
clipr,0.6.0,,,utils,3.5.3
colorspace,1.4-1,,"R (>= 3.0.0), methods","graphics, grDevices, stats",3.5.3
colourpicker,1.0,,R (>= 3.1.0),"ggplot2, htmltools, htmlwidgets (>= 0.7), jsonlite, miniUI (>=
0.1.1), shiny (>= 0.11.1), shinyjs, utils",3.5.3
combinat,0.0-8,,,,3.5.2
crayon,1.3.4,,,"grDevices, methods, utils",3.5.3
crosstalk,1.0.0,,,"htmltools (>= 0.3.5), jsonlite, lazyeval, R6, shiny (>= 0.11),
ggplot2",3.5.3
curl,3.3,,R (>= 3.0.0),,3.5.3
data.table,1.12.2,,R (>= 3.1.0),methods,3.5.3
desc,1.2.0,,R (>= 3.1.0),"assertthat, utils, R6, crayon, rprojroot",3.5.3
digest,0.6.19,,R (>= 3.1.0),,3.5.3
dplyr,0.8.1,,R (>= 3.2.0),"assertthat (>= 0.2.1), glue (>= 1.3.1), magrittr (>= 1.5),
methods, pkgconfig (>= 2.0.2), R6 (>= 2.4.0), Rcpp (>= 1.0.1),
rlang (>= 0.3.4), tibble (>= 2.1.1), tidyselect (>= 0.2.5),
utils",3.5.3
DT,0.6,,,"htmltools (>= 0.3.6), htmlwidgets (>= 1.3), magrittr,
crosstalk, promises",3.5.3
dygraphs,1.1.1.6,,R (>= 3.0),"magrittr, htmlwidgets (>= 0.6), htmltools (>= 0.3.5), zoo (>=
1.7-10), xts (>= 0.9-7)",3.5.3
ellipsis,0.1.0,,R (>= 3.1),,3.5.3
evaluate,0.13,,R (>= 3.0.2),methods,3.5.3
fansi,0.4.0,,R (>= 3.1.0),,3.5.3
farver,1.1.0,,,Rcpp (>= 0.12.15),3.5.3
flexmix,2.3-15,,"R (>= 2.15.0), lattice","graphics, grid, grDevices, methods, modeltools (>= 0.2-16),
nnet, stats, stats4, utils",3.5.3
forcats,0.4.0,,R (>= 3.1),"ellipsis, magrittr, rlang, tibble",3.5.3
ggforce,0.2.2,,"ggplot2 (>= 3.0.0), R (>= 3.3.0)","Rcpp (>= 0.12.2), grid, scales, MASS, tweenr (>= 0.1.5),
gtable, rlang, polyclip, stats, grDevices",3.5.3
ggplot2,3.1.1,,R (>= 3.1),"digest, grid, gtable (>= 0.1.1), lazyeval, MASS, mgcv, plyr
(>= 1.7.1), reshape2, rlang (>= 0.2.1), scales (>= 0.5.0),
stats, tibble, viridisLite, withr (>= 2.0.0)",3.5.3
ggraph,1.0.2,,"R (>= 2.10), ggplot2 (>= 2.0.0)","Rcpp (>= 0.12.2), dplyr, plyr, ggforce, grid, igraph (>=
1.0.0), scales, MASS, digest, gtable, ggrepel, utils, stats,
viridis",3.5.3
ggrepel,0.8.1,,"R (>= 3.0.0), ggplot2 (>= 2.2.0)","grid, Rcpp, scales (>= 0.3.0)",3.5.3
ggridges,0.5.1,,R (>= 3.2),"ggplot2 (>= 2.2.0), grid (>= 3.0.0), plyr (>= 1.8.0), scales
(>= 0.4.1), withr (>= 2.1.1)",3.5.3
glue,1.3.1,,R (>= 3.1),methods,3.5.3
gridExtra,2.3,,,"gtable, grid, grDevices, graphics, utils",3.5.3
gtable,0.3.0,,R (>= 3.0),grid,3.5.3
gtools,3.8.1,,"methods, stats, utils",,3.5.2
haven,2.1.0,,R (>= 3.1),"forcats (>= 0.2.0), hms, Rcpp (>= 0.11.4), readr (>= 0.1.0),
tibble",3.5.3
highr,0.8,,R (>= 3.2.3),,3.5.3
hms,0.4.2,,,"methods, pkgconfig, rlang",3.5.3
htmltools,0.3.6,,R (>= 2.14.1),"utils, digest, Rcpp",3.5.3
htmlwidgets,1.3,,,"grDevices, htmltools (>= 0.3), jsonlite (>= 0.9.16), yaml",3.5.3
httpuv,1.5.1,,R (>= 2.15.1),"Rcpp (>= 0.11.0), utils, R6, promises, later (>= 0.8.0)",3.5.3
httr,1.4.0,,R (>= 3.1),"curl (>= 0.9.1), jsonlite, mime, openssl (>= 0.8), R6",3.5.3
igraph,1.2.4.1,,methods,"graphics, grDevices, magrittr, Matrix, pkgconfig (>= 2.0.0),
stats, utils",3.5.3
inline,0.3.15,,R (>= 2.4.0),methods,3.5.3
jsonlite,1.6,,methods,,3.5.3
kableExtra,1.1.0,,R (>= 3.1.0),"knitr (>= 1.16), magrittr, stringr (>= 1.0), xml2 (>= 1.1.1),
rvest, rmarkdown (>= 1.6.0), readr, scales, viridisLite, stats,
grDevices, htmltools, rstudioapi, glue, tools, webshot, digest",3.5.3
knitr,1.23,,R (>= 3.2.3),"evaluate (>= 0.10), highr, markdown, stringr (>= 0.6), yaml
(>= 2.1.19), methods, xfun, tools",3.5.3
labeling,0.3,,,,3.5.2
later,0.8.0,,,"Rcpp (>= 0.12.9), rlang",3.5.3
lazyeval,0.2.2,,R (>= 3.1.0),,3.5.3
lme4,1.1-21,,"R (>= 3.2.0), Matrix (>= 1.2-1), methods, stats","graphics, grid, splines, utils, parallel, MASS, lattice, boot,
nlme (>= 3.1-123), minqa (>= 1.1.15), nloptr (>= 1.0.4)",3.5.3
lmtest,0.9-37,,"R (>= 3.0.0), stats, zoo",graphics,3.5.3
loo,2.1.0,,R (>= 3.1.2),"graphics, matrixStats (>= 0.52), parallel, stats, checkmate",3.5.3
lubridate,1.7.4,,"methods, R (>= 3.0.0)","stringr, Rcpp (>= 0.12.13),",3.5.3
magrittr,1.5,,,,3.5.3
maptools,0.9-5,,"R (>= 2.10), sp (>= 1.0-11)","foreign (>= 0.8), methods, grid, lattice, stats, utils,
grDevices",3.5.3
markdown,0.9,,R (>= 2.11.1),"utils, mime (>= 0.3)",3.5.3
Matching,4.9-6,,"R (>= 2.6.0), MASS (>= 7.2-1), graphics, grDevices, stats",,3.5.3
MatchIt,3.0.2,,R (>= 2.6),"MASS, Matching",3.5.3
MatrixModels,0.4-1,,R (>= 3.0.1),"stats, methods, Matrix (>= 1.1-5)",3.5.3
matrixStats,0.54.0,,R (>= 2.12.0),,3.5.3
mime,0.6,,,tools,3.5.2
miniUI,0.1.1.1,,,"shiny (>= 0.13), htmltools (>= 0.3), utils",3.5.3
minqa,1.2.4,,,Rcpp (>= 0.9.10),3.5.3
modeltools,0.2-22,,"stats, stats4",methods,3.5.2
multiwayvcov,1.2.3,,R (>= 3.0.0),"sandwich, boot, compiler, parallel, stats, utils",3.5.3
munsell,0.5.0,,,"colorspace, methods",3.5.3
nloptr,1.2.1,,,,3.5.3
openssl,1.3,,,askpass,3.5.3
openxlsx,4.1.0,,R (>= 3.3.0),"methods, Rcpp, grDevices, stats, utils, zip",3.5.3
optmatch,0.9-10,,"R (>= 2.15.1), survival","Rcpp, RItools, digest, stats, methods, graphics",3.5.3
packrat,0.5.0,,R (>= 3.0.0),"tools, utils",3.5.3
pbkrtest,0.4-7,,"R (>= 3.2.3), lme4 (>= 1.1.10)","Matrix (>= 1.2.3), parallel, MASS, methods",3.5.3
pillar,1.4.0,,,"cli (>= 1.1.0), crayon (>= 1.3.4), fansi (>= 0.4.0), methods,
rlang (>= 0.3.4), utf8 (>= 1.1.4), vctrs (>= 0.1.0)",3.5.3
pkgbuild,1.0.3,,R (>= 3.1),"callr (>= 2.0.0), cli, crayon, desc, prettyunits, R6,
rprojroot, withr (>= 2.1.2)",3.5.3
pkgconfig,2.0.2,,,utils,3.5.3
plogr,0.2.0,,,,3.5.3
plyr,1.8.4,,R (>= 3.1.0),Rcpp (>= 0.11.0),3.5.3
polyclip,1.10-0,,R (>= 3.0.0),,3.5.3
prettyunits,1.0.2,,,"magrittr, assertthat, methods",3.5.3
processx,3.3.1,,,"ps (>= 1.2.0), R6, utils",3.5.3
progress,1.2.2,,,"hms, prettyunits, R6, crayon",3.5.3
promises,1.0.1,,,"R6, Rcpp, later, rlang, stats, magrittr",3.5.3
ps,1.3.0,,R (>= 3.1),utils,3.5.3
purrr,0.3.2,,R (>= 3.1),"magrittr (>= 1.5), rlang (>= 0.3.1)",3.5.3
quantreg,5.38,,"R (>= 2.6), stats, SparseM","methods, graphics, Matrix, MatrixModels",3.5.3
R6,2.4.0,,R (>= 3.0),,3.5.3
randomForest,4.6-14,,"R (>= 3.2.2), stats",,3.5.3
RColorBrewer,1.1-2,,R (>= 2.0.0),,3.5.2
Rcpp,1.0.1,,R (>= 3.0.0),"methods, utils",3.5.3
RcppEigen,0.3.3.5.0,,R (>= 2.15.1),"Matrix (>= 1.1-0), Rcpp (>= 0.11.0), stats, utils",3.5.3
RCurl,1.95-4.12,,"R (>= 3.0.0), methods, bitops",,3.5.2
readr,1.3.1,,R (>= 3.1),"Rcpp (>= 0.12.0.5), tibble, hms (>= 0.4.1), R6, clipr, crayon,
methods",3.5.3
readxl,1.3.1,,,"cellranger, Rcpp (>= 0.12.18), tibble (>= 1.3.1), utils",3.5.3
rematch,1.0.1,,,,3.5.3
reshape2,1.4.3,,R (>= 3.1),"plyr (>= 1.8.1), Rcpp, stringr",3.5.3
rio,0.5.16,,R (>= 2.15.0),"tools, stats, utils, foreign, haven (>= 1.1.0), curl (>= 0.6),
data.table (>= 1.9.8), readxl (>= 0.1.1), openxlsx, tibble",3.5.3
RItools,0.1-16,,"R (>= 2.2.0), SparseM","grDevices, abind, xtable, svd, stats, graphics, methods,
survival",3.5.3
rlang,0.3.4,,R (>= 3.1.0),,3.5.3
rmarkdown,1.13,,R (>= 3.0),"tools, utils, knitr (>= 1.22), yaml (>= 2.1.19), htmltools (>=
0.3.5), evaluate (>= 0.13), base64enc, jsonlite, mime, tinytex
(>= 0.11), xfun, methods, stringr (>= 1.2.0)",3.5.3
rprojroot,1.3-2,,R (>= 3.0.0),backports,3.5.3
rsconnect,0.8.13,,R (>= 3.0.0),"openssl, RCurl, jsonlite, packrat (>= 0.4.8-1), yaml (>=
2.1.5), rstudioapi (>= 0.5)",3.5.3
rstan,2.18.2,,"R (>= 3.4.0), ggplot2 (>= 2.0.0), StanHeaders (>= 2.18.0)","methods, stats4, inline, gridExtra (>= 2.0.0), Rcpp (>=
0.12.0), loo (>= 2.0.0), pkgbuild",3.5.3
rstanarm,2.18.2,,"R (>= 3.4.0), Rcpp (>= 0.12.0), methods","bayesplot (>= 1.5.0), ggplot2 (>= 2.2.1), lme4 (>= 1.1-8), loo
(>= 2.0.0), Matrix (>= 1.2-13), nlme (>= 3.1-124), rstan (>=
2.18.1), rstantools (>= 1.4.0), shinystan (>= 2.3.0), stats,
survival (>= 2.40.1), utils",3.5.3
rstantools,1.5.1,,,"stats, utils",3.5.3
rstudioapi,0.10,,,,3.5.3
rvest,0.3.4,,"R (>= 3.2), xml2","httr (>= 0.5), magrittr, selectr",3.5.3
sandwich,2.5-1,,R (>= 2.10.0),"stats, utils, zoo",3.5.3
scales,1.0.0,,R (>= 3.1),"labeling, munsell (>= 0.5), R6, RColorBrewer, Rcpp,
viridisLite",3.5.3
selectr,0.4-1,,R (>= 3.0),"methods, stringr, R6",3.5.3
shiny,1.3.2,,"R (>= 3.0.2), methods","utils, grDevices, httpuv (>= 1.5.0), mime (>= 0.3), jsonlite
(>= 0.9.16), xtable, digest, htmltools (>= 0.3.6), R6 (>= 2.0),
sourcetools, later (>= 0.7.2), promises (>= 1.0.1), tools,
crayon, rlang",3.5.3
shinyjs,1.0,,R (>= 3.1.0),"digest (>= 0.6.8), htmltools (>= 0.2.9), jsonlite, shiny (>=
1.0.0)",3.5.3
shinystan,2.5.0,,"R (>= 3.1.0), shiny (>= 1.0.3)","bayesplot (>= 1.5.0), colourpicker, DT (>= 0.2), dygraphs (>=
1.1.1.2), ggplot2 (>= 2.1.1), gridExtra, gtools, markdown (>=
0.7.4), methods, reshape2, rsconnect (>= 0.4.2), rstan (>=
2.17.1), stats, shinyjs (>= 0.6.0), shinythemes (>= 1.0.1),
threejs (>= 0.2.1), utils, xtable, xts (>= 0.9-7)",3.5.3
shinythemes,1.1.2,,R (>= 3.0.0),shiny (>= 0.11),3.5.3
sourcetools,0.1.7,,R (>= 3.0.2),,3.5.3
sp,1.3-1,,"R (>= 3.0.0), methods","utils, stats, graphics, grDevices, lattice, grid",3.5.3
SparseM,1.77,,"R (>= 2.15), methods","graphics, stats, utils",3.5.2
StanHeaders,2.18.1,,R (>= 3.4.0),,3.5.3
stargazer,5.2.2,,,"stats, utils",3.5.2
stddiff,2.0,,R (>= 3.3.3),,3.5.2
stringi,1.4.3,,R (>= 2.14),"tools, utils, stats",3.5.3
stringr,1.4.0,,R (>= 3.1),"glue (>= 1.2.0), magrittr, stringi (>= 1.1.7)",3.5.3
svd,0.4.3,,,methods,3.5.3
sys,3.2,,,,3.5.3
threejs,0.3.1,,"R (>= 3.0.0), igraph (>= 1.0.0)","htmlwidgets (>= 0.3.2), base64enc, crosstalk, methods, stats",3.5.3
tibble,2.1.1,,R (>= 3.1.0),"cli (>= 1.0.1), crayon (>= 1.3.4), fansi (>= 0.4.0), methods,
pillar (>= 1.3.1), pkgconfig (>= 2.0.2), rlang (>= 0.3.1),
utils",3.5.3
tidyr,0.8.3,,R (>= 3.1),"dplyr (>= 0.7.0), glue, magrittr, purrr, Rcpp, rlang, stringi,
tibble, tidyselect (>= 0.2.5), utils",3.5.3
tidyselect,0.2.5,,R (>= 3.1),"glue (>= 1.3.0), purrr, rlang (>= 0.2.2), Rcpp (>= 0.12.0)",3.5.3
tinytex,0.13,,,xfun (>= 0.5),3.5.3
tweenr,1.0.1,,R (>= 3.2.0),"Rcpp (>= 0.12.3), grDevices, farver, magrittr, rlang",3.5.3
utf8,1.1.4,,R (>= 2.10),,3.5.3
vctrs,0.1.0,,R (>= 3.1),"backports, digest, glue, rlang, zeallot",3.5.3
viridis,0.5.1,,"R (>= 2.10), viridisLite (>= 0.3.0)","stats, ggplot2 (>= 1.0.1), gridExtra",3.5.3
viridisLite,0.3.0,,R (>= 2.10),,3.5.3
webshot,0.5.1,,R (>= 3.0),"magrittr, jsonlite, callr",3.5.3
withr,2.1.2,,R (>= 3.0.2),"stats, graphics, grDevices",3.5.3
xfun,0.7,,,tools,3.5.3
xml2,1.2.0,,R (>= 3.1.0),Rcpp,3.5.3
xtable,1.8-4,,R (>= 2.10.0),"stats, utils",3.5.3
xts,0.11-2,,zoo (>= 1.7-12),methods,3.5.3
yaml,2.2.0,,,,3.5.2
zeallot,0.1.0,,,,3.5.3
zip,2.0.2,,,,3.5.3
zoo,1.8-5,,"R (>= 3.1.0), stats","utils, graphics, grDevices, lattice (>= 0.20-27)",3.5.3
base,3.5.3,base,,,3.5.3
boot,1.3-20,recommended,"R (>= 3.0.0), graphics, stats",,3.5.3
class,7.3-15,recommended,"R (>= 3.0.0), stats, utils",MASS,3.5.3
cluster,2.0.7-1,recommended,R (>= 3.2.0),"graphics, grDevices, stats, utils",3.5.3
codetools,0.2-16,recommended,R (>= 2.1),,3.5.3
compiler,3.5.3,base,,,3.5.3
datasets,3.5.3,base,,,3.5.3
foreign,0.8-71,recommended,R (>= 3.0.0),"methods, utils, stats",3.5.3
graphics,3.5.3,base,,grDevices,3.5.3
grDevices,3.5.3,base,,,3.5.3
grid,3.5.3,base,,"grDevices, utils",3.5.3
KernSmooth,2.23-15,recommended,"R (>= 2.5.0), stats",,3.5.3
lattice,0.20-38,recommended,R (>= 3.0.0),"grid, grDevices, graphics, stats, utils",3.5.3
MASS,7.3-51.1,recommended,"R (>= 3.1.0), grDevices, graphics, stats, utils",methods,3.5.3
Matrix,1.2-15,recommended,R (>= 3.2.0),"methods, graphics, grid, stats, utils, lattice",3.5.3
methods,3.5.3,base,,"utils, stats",3.5.3
mgcv,1.8-27,recommended,"R (>= 2.14.0), nlme (>= 3.1-64)","methods, stats, graphics, Matrix, splines, utils",3.5.3
nlme,3.1-137,recommended,R (>= 3.4.0),"graphics, stats, utils, lattice",3.5.3
nnet,7.3-12,recommended,"R (>= 2.14.0), stats, utils",,3.5.3
parallel,3.5.3,base,,"tools, compiler",3.5.3
rpart,4.1-13,recommended,"R (>= 2.15.0), graphics, stats, grDevices",,3.5.3
spatial,7.3-11,recommended,"R (>= 3.0.0), graphics, stats, utils",,3.5.3
splines,3.5.3,base,,"graphics, stats",3.5.3
stats,3.5.3,base,,"utils, grDevices, graphics",3.5.3
stats4,3.5.3,base,,"graphics, methods, stats",3.5.3
survival,2.43-3,recommended,R (>= 2.13.0),"graphics, Matrix, methods, splines, stats, utils",3.5.3
tcltk,3.5.3,base,,utils,3.5.3
tools,3.5.3,base,,,3.5.3
utils,3.5.3,base,,,3.5.3
